1;Pavese G.;Poesie del disamore;;
2;Pavese G.;Lavorare stanca;;
3;Pascarella C.;La scoperta dell'America e altri sonetti;;
4;Giotti V.;Colori;;
5;Sanguinetti E.;Poesia italiana del '900 vol. I;;
6;Sanguinetti E.;Poesia italiana del '900 vol. II;;
7;Romano Lalla;Giovane è il tempo;;
8;Quarantotti Gambini;Al sole e al vento;;
9;Ungaretti G.;Vita d'un uomo;;
10;Pavese G.;Poesie;;
11;Foscolo U. ( a cura di);Nuovi poeti;;
12;Pascarella C.;Storia nostra;;
13;Fo D.;Morte accidentale di un anarchico;;
14;Marin B.;El mar de l'eterno;;
15;;;;
16;Morante E.;Il mondo salvato dai ragazzini;;
17;Morante E.;Il mondo salvato dai ragazzini;;
18;Quasimodo S.;Il falso e vero verde ;;
19;Quasimodo S.;La vita non è sogno;;
20;Ungaretti G.;La terra promessa;;
21;Sinisgalli L.;Il passero e il lebbroso;;
22;Montale E.;Ossi di seppia;;
23;Montale E.;Ossi di seppia;;
24;Marsicano M.C.;Le laudi;;
25;Saba U.;Il Canzoniere;;
26;Frattini-Tuscano ( a cura di );Poeti italiani del XX sec.;;
27;;;;
28;Spaganaoletti G.;Poesia contemporanea (1909-1959);;
29;Guglielminetti M.;I poeti contemporanei;;
30;Praga E;"""Tavolozza"" e ""Penombre""";;
31;Praga E;Poesie;;
32;Bellazzi;La poesia di C. Pavese;;
33;Caccia Dominioni;Takfir;;
34;Pappalettera V.;Tu passerai per il camino;;
35;Piovene G.;L'Europa semilibera;;
36;Pavese G.;Racconti vol.I;;
37;Pavese G.;Racconti vol. II;;
38;Pavese G.;La bella estate;;
39;Pavese G.;La bella estate;;
40;Pavese G.;Dialoghi con Leucò;;
41;Pavese G.;Il mestiere di vivere;;
42;Pavese G.;Feria d'agosto;;
43;Pavese G.;La spiaggia;;
44;Pavese G.;Lettere  vol. I;;
45;Pavese G.;Lettere  vol. II;;
46;Pavese G.;La luna e i falò;;
47;Pavese G.;La luna e i falò;;
48;Pavese G.;La luna e i falò;;
49;Pavese G.;Paesi tuoi;;
50;Pavese G.;Paesi tuoi;;
51;Pavese G.;Il compagno;;
52;Pavese G.;Il compagno;;
53;Pavese G.;Il compagno;;
54;Misasi N. ;Pagine calabresi;;
55;Corti E.;I più non ritornano;;
56;Massara F. ;Fiamma nei cieli;;
57;Onofri F.;In nome del padre;;
58;Ortese A.M.;La luna sul muro;;
59;D'Eramo L.;Deviazione;;
60;Nievo I.;Novelliere campagnolo e altri racconti;;
61;Artoasino A.;Super Eliogabalo;;
62;Mosca G.;Diario di un padre;;
63;M a r in  F .;La traccia sul mare;;
64;Guidetti Serra;Compagne - Testimonianze di partecipazione politica;;
65;Guidetti Serra;Compagne - Testimonianze di partecipazione politica;;
66;Maiocchi A.;Veglie in casa di cura;;
67;Maiocchi A.;Nostalgie tra le rovine;;
68;Maiocchi A.;Vita di chirurgo;;
69;Formato R.;L'eccidio di Cefalonia;;
70;F I a i a n o  E .;La solitudine del satiro;;
71;Levi C .;Cristo si è fermato a Eboli;;
72;Levi C .;Cristo si è fermato a Eboli;;
73;Levi C .;Cristo si è fermato a Eboli;;
74;Lisi N.;La  nuova Tebaide;;
75;Lopez S.;S'io rinascessi;;
76;Lussu  E.;Fronti e frontiere;;
77;Lussu  E.;Marcia su Roma e dintorni;;
78;M a ro tta  G.;L'oro di Napoli;;
79;Levi P.;La tregua;;
80;Levi P.;La tregua;;
81;Levi P.;Se questo è un uomo;;
82;Levi P.;Se questo è un uomo;;
83;Levi P.;Se questo è un uomo;;
84;Quarantotti Gambini          ;La corsa di Falco;;
85;Quarantotti Gambini      ;L'onda dell'incrociatore;;
86;Quarantotti Gambini      ;La rosa rossa;;
87;Quarantotti Gambini      ;Primavera a Trieste;;
88;P a n z i n i A.;Santippe;;
89;Prezzolini G.;Tutta la guerra;;
90;Prezzolini G.;Dio è un rischio;;
91;Leandri D.;Scusa i mancati giorni;;
92;Levi Primo;I sommersi e i salvati;;
93;Moravia  A.;La noia;;
94;Moravia  A.;La romana;;
95;Moravia  A.;La ciociara;;
96;Moravia  A.;Gli indifferenti;;
97;Moravia  A.;Nuovi racconti romani;;
98;Fusilli R.;Il principe fantasma;;
99;M a r otta G.;Gli alunni del sole;;
100;Parise G .;Il padrone;;
101;Pavese  C.;Vita attraverso le lettere;;
102;Pavese  C.;Vita attraverso le lettere;;
103;Pra tolini V .;Il quartiere;;
104;Pra tolini V .;Il quartiere;;
105;Papini G.;Sant'Agostino;;
106;Milanesi G;Sancta Maria;;
107;Brancati V.;Gli anni perduti;;
108;Pra tolini V .;Metello;;
109;Pra tolini V .;Metello;;
110;Arpino G.;Una nuvola d’ira;;
111;Arpino G.;Una nuvola d’ira;;
112;Arpino G.;Una nuvola d’ira;;
113;Silone I.;Il segreto di Luca;;
114;Silone I.;Il segreto di Luca;;
115;Silone I.;Il segreto di Luca;;
116;Silone I.;Fontamara;;
117;Silone I.;Fontamara;;
118;;;;
119;Pra tolini V .;Le ragazze di San Frediano;;
120;Pratolini V. ;Un eroe del nostro tempo;;
121;Bacchelli R. ;Il diavolo al Pontelongo;;
122;Bacchelli R. ;Il diavolo al Pontelongo;;
123;Arpino G. ;Un delitto d'onore;;
124;Arpino G. ;Un delitto d'onore;;
125;Pasolini P.P. ;Ragazzi di vita;;
126;Rigoni Stern ;II bosco degli urogalli;;
127;Pasolini P.P.;Le ceneri di Gramsci;;
128;Pasolini P.P.;Il padre selvaggio;;
129;Pavese C.;Poesie;;
130;Moravia A.;Il mondo è quello che è;;
131;Moravia A.;Il dio Kurt;;
132;Moravia A.;La vita è gioco;;
133;Moravia A.;La vita è gioco;;
134;Doglio F.;Teatro e Risorgimento;;
135;Gagliani F.;Socrate immaginario;;
136;Alvaro C.;La lunga notte di Medea;;
137;Giacosa G.;Una partita a scacchi, Tristi amori, Come le foglie;;
138;Tozzi F.;I romanzi, vol. I;;
139;Tozzi F.;I romanzi , vol. II;;
140;;;;
141;Palazzeschi A.;I fratelli Cuccoli;;
142;Palazzeschi A.;Sorelle Materassi;;
143;Moretti M.;I puri di cuore;;
144;Nobile G.;Memorie lontane;;
145;Monelli P.;Scarpe al sole;;
146;Mazzolari  P.;La pieve sull'argine;;
147;M e r I i n - S a n t u c c i;II libro dell'amicizia;;
148;Jovine F.;Le terre del Sacramento;;
149;Jovine F.;Signora Ava;;
150;Jacomuzzi S.;Pagine garibaldine;;
151;Guareschi G.;Mondo piccolo- Don Camillo e il suo gregge;;
152;Guareschi G.;Mondo piccolo- Don Camillo e il suo gregge;;
153;Venier P.P.;N.27/1768;;
154;Venier P.P.;N.27/1768;;
155;Levi C.;Le parole sono pietre;;
156;Nievo I.;Le confessioni di un ottuagenario;;
157;Manzini G.;Ritratto in piedi;;
158;M a rotta G.;A Milano non fa freddo;;
159;M a rotta G.;A Milano non fa freddo;;
160;M a rotta G.;Mal di galleria;;
161;Ginzburg;Le voci della sera;;
162;Ginzburg ;Serena Cruz o la vera giustizia;;
163;;;;
164;;;;
165;Levi C.;L’orologio;;
166;Fenoglio B.;Un Fenoglio alla prima guerra mondiale;;
167;Fenoglio B.;Il partigiano Johnny;;
168;Fenoglio B.;Il partigiano Johnny;;
169;Fenoglio B.;Il partigiano Johnny;;
170;Fenoglio B.;I 23 giorni della città di Alba;;
171;Fenoglio B.;I 23 giorni della città di Alba;;
172;Fenoglio B.;La voce nella tempesta;;
173;Fenoglio B.;La voce nella tempesta;;
174;Fenoglio B.;La paga del sabato;;
175;Fenoglio B.;La paga del sabato;;
176;Fenoglio B.;Il partigiano Johnny;;
177;Fenoglio B.;I 23 giorni della città di Alba;;
178;Fenoglio B.;Un giorno di fuoco;;
179;Fenoglio B.;Primavera di bellezza;;
180;Fenoglio B.;Una questione privata;;
181;Piovene G.;Romanzo americano;;
182;Fabbri D.;Teatro, vol. I;;
183;Fabbri D.;Teatro, vol. II;;
184;;;;
185;Arcangioli G. ;Transumanza, vol.i;;
186;Ceccarelli M.;Viaggio provvisorio;;
187;Gotta S.;Il tempo della regina Margherita;;
188;Milanesi G.;Fiamme dell’aria;;
189;Gatti A.;L’ombra sulla terra;;
190;Gatti A.;Il mercato del sole;;
191;Gatti A.;Ilia e Alberto;;
192;Giani R.;Filibustieri, corsari, pirati-I fratelli della costa;;
193;Moro G.;I monti della luna;;
194;Grossi T.;Marco Visconti;;
195;Mattioni S.;Il re ne comanda una;;
196;Milanesi G.;Le aquile;;
197;Papini G.;Un uomo finito;;
198;D’Azeglio M.;Ettore Fieramosca;;
199;De Amicis E.;Ricordi di Roma;;
200;De Santis F.;Memorie;;
201;;;;
202;Roccatagliata Ceccardi C.;Tutte le opere;;
203;Giordani I.;L’America quaternaria;;
204;Cattafi B.;L’osso-L’anima;;
205;Cecovini M.;Straniero in Paradiso;;
206;Cecovini M.;Straniero in Paradiso;;
207;Cecovini M.;Straniero in Paradiso;;
208;Cecovini M.;Straniero in Paradiso;;
209;Cecovini M.;Straniero in Paradiso;;
210;Marin Biagio;El piccolo nio;;
211;Tomizza F.;Materada;;
212;Tomizza F.;Materada;;
213;Tomizza F.;Materada;;
214;Miglia G.;Dentro l’Istria. Diario 1945/47;;
215;Milani L.;Lettere di don Milani, priore di Barbiana;;
216;Milani L.;Lettere a una professoressa;;
217;Nobile U.;La tenda rossa;;
218;Nievo S.;Il prato in fondo al mare;;
219;Miscia E.;Il gran custode delle terre grasse;;
220;Zavoli S.;I figli del labirinto;;
221;Banti A.;Da un paese vicino;;
222;Emanuelli E.;Settimana nera;;
223;La Capria R.;Amore e psiche;;
224;Preti L.;Giovinezza, giovinezza;;
225;;;;
226;Fogazzaro A.;Malombra;;
227;Fogazzaro A.;Malombra;;
228;Fogazzaro A.;Malombra;;
229;Ottieri O.;Donnarumma all’assalto;;
230;Ottieri O.;Donnarumma all’assalto;;
231;Gramsci A.;Lettere dal carcere;;
232;D’Agata G.;Il medico della mutua;;
233;D’Agata G.;Il medico della mutua;;
234;Pavese C.;Prima che il gallo canti;;
235;La Cava M.;I fatti di Casignana;;
236;Maraini D.;Donne in guerra;;
237;Maraini D.;Donne mie;;
238;Brancati V.;Il vecchio con gli stivali;;
239;Domini S.;Verso sul Tai;;
240;Betti U.;Teatro completo;;
241;Cardarelli V.;Opere complete;;
242;Lajolo D.;Il “vizio” assurdo;;
243;Levi P.;Il sistema periodico;;
244;Preti L. ;Un ebreo nel fascismo;;
245;;;;
246;;;;
247;;;;
248;Nievo I.;Le confessioni di un italiano;;
249;Nievo I.;Le confessioni di un italiano;;
250;Pomilio M.;Il quinto Evangelio;;
251;Pomilio M.;Il quinto Evangelio;;
252;Siciliano E.;La notte matrigna;;
253;Biagi E.;Disonora il padre;;
254;Jovine F.;La terra del Sacramento;;
255;Campanile A.;Vite degli uomini illustri;;
256;Levi P.;Vizio di forma;;
257;Luragh G.;Due milanesi alle piramidi;;
258;;;;
259;Vittorini E.;Diario in pubblico;;
260;Fusco G.C.;Le rose del ventennio;;
261;De Marchi E.;Giacomo l'idealista;;
262;De Marchi E.;Il cappello del prete;;
263;De Marchi E.;Il cappello del prete e altri racconti;;
264;Prisco M.;Gli eredi del vento;;
265;Dessi G.;I passeri;;
266;Dessi G.;Paese d'ombre;;
267;Turchetti  I . U .;Fosca;;
268;Turchetti  I . U .;Fosca;;
269;Verga G.;Tutto il teatro;;
270;Verga G.;Una peccatrice - Storia di una capinera - Eva ;;
271;Pavese C.;La spiaggia;;
272;Pavese C.;La spiaggia;;
273;Bevilacqua A.;Una scandalosa giovinezza;;
274;De Amicis E.;Amore e ginnastica;;
275;Sgorlon C.;Il vento nel vigneto;;
276;Tornasi di Lampedusa;Racconti;;
277;Chiara P.;La stanza del vescovo;;
278;Buzzati D.;La boutique del mistero;;
279;Buzzati D.;Il deserto dei Tartari;;
280;Buzzati D.;Sessanta racconti;;
281;Buzzati D.;Sessanta racconti;;
282;Buzzati D.;Il deserto dei Tartari;;
283;Buzzati D.;Il grande ritratto;;
284;Buzzati D.;Barnabo delle montagne;;
285;Buzzati D.;Barnabo delle montagne;;
386;Bassani G.;Dentro le mura;;
287;Bassani G.;Le storie ferraresi;;
288;;;;
289;Bassani G.;L'alba ai vetri;;
290;Levi C.;Il futuro ha un cuore antico;;
291;Levi C.;Tutto il miele è finito;;
292;Levi C.;Tutto il miele è finito;;
293;Pavese C.;Dialoghi con Leucò;;
294;Pavese C.;La luna e i falò;;
295;Vittorini E.;La città del mondo;;
296;Vittorini E.;Uomini e no;;
297;Vittorini E.;Il Sempione strizza l'occhio al Frejus;;
298;Vittorini E.;Il garofano rosso;;
299;Vittorini E.;Conversazione in Sicilia;;
300;Vittorini E.;Sardegna come un'infanzia;;
301;Vittorini E.;Nome e lagrime;;
302;Di Donato P. ;Cristo fra i muratori;;
303;Di Donato P.;Cristo fra i muratori;;
304;Bassani G.;L’odore del fieno;;
305;Moretti M.;La voce di Dio;;
306;Marotta G.;Le milanesi;;
307;Lussu E. ;Un anno sull'altopiano;;
308;Gadda  C. E. ;II castello di Udine;;
309;Gadda  C. E. ;II castello di Udine;;
310;Gadda  C. E. ;II castello di Udine;;
311;;;;
312;Gadda  C. E.;La Madonna dei filosofi;;
313;Gadda  C. E.;La Madonna dei filosofi;;
314;Gadda  C. E. ;I racconti;;
315;Gadda  C. E. ;La meccanica ;;
316;Gadda  C. E.;La cognizione del dolore;;
317;Gadda  C. E.;L'Adalgisa;;
318;Silone I.;Una manciata di more;;
319;Silone I.;Una manciata di more;;
320;Silone I.;La volpe e le camelie;;
321;Silone I.;La volpe e le camelie;;
322;Silone I.;La scuola dei dittatori;;
323;Silone I.;La scuola dei dittatori;;
324;Silone I.;Vino e pane;;
325;Silone I.;Vino e pane;;
326;Silone I.;Il seme sotto la neve;;
327;Silone I.;Severina;;
328;Silone I.;L'avventura di un povero cristiano;;
329;Silone I.;L'avventura di un povero cristiano;;
330;Buzzati D ;Siamo spiacenti di ...;;
331;Scotellaro R.;L'uva puttanella - Contadini del Sud;;
332;Monelli P.;Le scarpe al sole;;
333;Parise G.;Cara Cina;;
334;Vittorini E.;Erica e i suoi fratelli - La Garibaldina;;
335;Parise G.;Il prete bello;;
336;Pasolini P.P.;Una vita violenta;;
337;Pasolini P.P.;Ragazzi di vita;;
338;Pasolini P.P.;Il sogno di una cosa;;
339;Storoni Mazzolani L.;Galla Placidia;;
340;Tarizzo D. ;Come scriveva la resistenza;;
341;Serra R. ;Esame di coscienza di un letterato;;
342;Tecchi B. ;L'isola appassionata;;
343;Tecchi B. ;L'isola appassionata;;
344;D'Annunzio G.       ;Le novelle della Pescara;;
345;D'Annunzio G.       ;Le novelle della Pescara;;
346;Pirandello L.;Tutti i romanzi;;
347;Pirandello L.;Novelle per un anno vol. I;;
348;Pirandello L.;;;
349;Pirandello L.;Novelle per un anno vol.;;
350;Pirandello L.;;;
351;Pirandello L.;Maschere nude vol.I;;
352;Pirandello L.;Maschere nude vol.II;;
353;Pirandello L.;Il turno;;
354;Pirandello L.;Pensaci Giacomino- La ragione degli altri;;
355;Pirandello L.;Questa sera si recita a soggetto - Trovarsi;;
356;Pirandello L.;Vestire gli ignudi - L'altro figlio - L'uomo dal fiore in bocca;;
357;Pirandello L.;II berretto a sonagli - La giara - Il piacere dell'onestà;;
358;Pirandello L.;;;
359;Pirandello L.;Uno, nessuno e centomila;;
360;Pirandello L.;L'esclusa;;
361;Cassola C.;Un cuore arido;;
362;Cassola C.;Un cuore arido;;
363;Cassola C.;Un cuore arido;;
364;Cassola C.;La casa di Via Valadier;;
365;Cassola C.;Il cacciatore;;
366;Cassola C.;La ragazza di Bube;;
367;Cassola C.;Monte Mario;;
368;Cassola C.;Una relazione;;
369;Cassola C.;Paura e tristezza;;
370;Cassola C.;Ferrovia locale;;
371;Cassola C.;La casa di Via Valadier;;
372;Cassola C.;L'amore tanto per fare;;
373;Cassola C.;Ferrovia locale;;
374;Cassola C.;Il taglio del bosco;;
375;Cassola C.;Il taglio del bosco;;
376;Cassola C.;La lezione della storia;;
377;Cassola C.;Storia di Ada;;
378;Cassola C.;Gisella;;
379;Cassola C.;Fogli di diario;;
380;Guareschi G.;Don Camillo e i giovani d'oggi;;
381;Guareschi G.;Don Camillo e il suo gregge;;
382;Guareschi G.;Il compagno Don Camillo;;
383;Guareschi G.;Lo zibaldino;;
384;Guareschi G.;Il marito in collegio;;
385;Ginzburg N.;E ' stato così;;
386;Ginzburg N.;Lessico familiare;;
387;Ginzburg N.;La città e la casa;;
388;Ginzburg N.;La famiglia Manzoni;;
389;Ginzburg N.;Mai devi domandarmi;;
390;Ginzburg N.;Mai devi domandarmi;;
391;Ginzburg N.;Le piccole virtù;;
392;Ginzburg N.;Le voci della sera;;
393;Ginzburg N.;Ti ho sposato per allegria;;
394;Ginzburg N.;Caro Michele;;
395;Morante E.;La storia;;
396;Morante E.;La storia;;
397;Morante E.;La storia;;
398;Morante E.;La storia;;
399;Calvino I.;Ultimo viene il corvo;;
400;Calvino I.;Ultimo viene il corvo;;
401;Calvino I.;L'entrata in guerra;;
402;Calvino I.;Le cosmicomiche;;
403;Calvino I.;Il cavaliere inesistente;;
404;Calvino I.;La speculazione edilizia;;
405;Calvino I.;Il sentiero dei nidi di ragno;;
406;Calvino I.;La nuvola di smog- La formica argentina;;
407;Calvino I.;   Le cosmicomiche;;
408;Calvino I.;Ti con zero;;
409;Calvino I.;Il visconte dimezzato;;
410;Calvino I.;Il visconte dimezzato;;
411;Calvino I.;Collezione di sabbia;;
412;Calvino I.;I racconti;;
413;Calvino I.;Il castello dei destini incrociati;;
414;Calvino I.;Ti con zero;;
415;Calvino I.;P a l o m a r;;
416;Bilenchi ;Il processo di Mary Dugan;;
417;Bilenchi;Il processo di Mary Dugan;;
418;Alianello C.;L'alfiere;;
419;Alianello C.;L'eredità della priora;;
420;Berto G.;Il cielo è rosso;;
421;Berto G.;Il male oscuro;;
422;Bedeschi G.;La mia erba è sul Don;;
423;Bedeschi G.;Il peso dello zaino;;
424;Bedeschi G.;La rivolta di Abele;;
425;Bedeschi G.;Nikolajewka c'ero anch'io;;
426;Verga G.;Tutte le novelle   vol. I;;
427;Verga G.;Tutte le novelle;;
428;Verga G.;Tutte le novelle;;
429;Verga G.;Tutte le novelle;;
430;Verga G.;Novelle;;
431;Verga G.; Malavoglia;;
432;Verga G.;Mastro don Gesualdo;;
433;Verga G.;Mastro don Gesualdo;;
434;Verga G.;Novelle;;
435;Moravia A.;Agostino;;
436;Moravia A.;Agostino;;
437;Moravia A.;Gli indifferenti;;
438;Bianciardi L.;La vita agra;;
439;Bianciardi L.;La vita agra;;
440;Bianciardi L.;Daghela avanti un passo!;;
441;Pavese C.;Ciau Masino;;
442;Cancogni M.;Allegri gioventù;;
443;Cancogni M.;La linea del Tomori;;
444;Bevilacqua A.;Questa specie d'amore;;
445;Bevilacqua A.;La califfa;;
446;Bevilacqua A.;Umana avventura;;
447;Bevilacqua A.;La ca1iffa;;
448;Bevilacqua A.;Il viaggio misterioso;;
449;Banti A.;Noi credevamo;;
450;Banti A.;La camicia bruciata;;
451;Banti A.;La camicia bruciata;;
452;Fenoglio B.;Primavera di bellezza;;
453;Tomasi di Lampedusa;II Gattopardo;;
454;Tomasi di Lampedusa;"""Il Gattopardo e i racconti";;
455;Biagi E.;Russia;;
456;Biagi E.;Italia;;
457;Biagi E.;Dicono di lei;;
458;Ghilarducci P.;L'ombra degli ippocastani;;
459;Dessi G.;Michele Boschino;;
460;Bassani G.;L'airone;;
461;Flaiano E.;Autobiografia del blu di Prussia;;
462;Granzotto G.;La battaglia di Lepanto;;
463;Majorino G.;Poesie e realtà: 45-47    vol. I;;
464;Majorino G.;Poesie e realtà: 45-47    vol. II;;
465;Deledda G.;Annalena Bilsini;;
466;Deledda G.;Il vecchio della montagna;;
467;Deledda G.;Canne al vento;;
468;Deledda G.;La madre;;
469;Di Giacomo N.;Gli Jurcev ex A.U.;;
470;Di Giacomo N.;Gli Jurcev ex A.U.;;
471;Romano L. ;Diario di Grecia;;
472;Romano L. ;Diario di Grecia;;
473;Romano L. ;Diario di Grecia;;
474;Tecchi B.;Gli egoisti;;
475;Pirro U.;Bottiglia Molotov;;
476;La  Cava  M.;La ragazza del vicolo scuro;;
477;Volponi F.;Memoriale;;
478;Marotta G.;San Gennaro non dice mai no;;
479;Cassieri G.;La cocuzza;;
480;Guiducci A.;La donna non è gente;;
481;Pratolini V.;Diario sentimentale;;
482;Pratolini V.;La costanza della ragione;;
483;Petroni G.;La morte del fiume;;
484;Santucci L.;Come se;;
485;Santucci L.;Come se;;
487;Brignetti R.;Il gabbiano azzurro;;
488;Brignetti R.;Il gabbiano azzurro;;
489;Stoppani A. ;Il bel paese;;
490;Cerati C. ;Un amore fraterno;;
491;Donati D.;Il viaggio;;
492;Candoni ;Su il sipario;;
493;Viganò R.;L’Agnese va a morire;;
494;Zavoli S.;Il nome del figlio;;
495;Vesco R.;Intercettateli senza sparare;;
496;Tomizza F.;Trilogia istriana;;
497;Tomizza F.;Trilogia istriana;;
498;Tomizza F.;La quinta stagione;;
499;Tomizza F.;La quinta stagione;;
500;Tomizza F.;Dove tornare;;
501;Tomizza F.;La miglior vita;;
502;Tomizza F.;La finzione di Maria;;
503;Tomizza F.;La ragazza di Petrovia;;
504;Tomizza F.;Il male viene dal Nord;;
505;Soldati M.;America primo amore;;
506;Soldati M.;America primo amore;;
507;Soldati M.;Il vero Silvestri;;
508;Soldati M.;I racconti (1927-1947);;
509;Soldati M.;L’incendio;;
510;Soldati M.;Fuori;;
511;Soldati M.;Le due città;;
512;Sgorlon C.;Regina di Saba;;
513;Sgorlon C.;Gli dei torneranno;;
514;Sgorlon C.;Il trono di legno;;
515;Patti E. ;Quartieri alti;;
516;La Capria R. ;Ferito a morte;;
517;Santucci L.;Orfeo in Paradiso;;
518;Ortese A. M. ;Il mare non bagna Napoli;;
519;Svevo I. ;La coscienza di Zeno;;
520;Svevo I. ;La coscienza di Zeno;;
521;Svevo I. ;Senilità;;
522;Fallaci O.;Intervista con la storia;;
523;Fallaci O.;Un uomo;;
524;Fallaci O.;Lettera a un bambino mai nato;;
525;;;;
526;Sciascia L.;A ciascuno il suo;;
527;Sciascia L.;Il mare color del vino;;
528;Sciascia L.;Il mare color del vino;;
529;;;;
530;;;;
531;Sciascia L.;Gli zii di Sicilia;;
532;Sciascia L.;Le parrocchie di Regalpetra- Morte dell’inquisitore;;
533;Sciascia L.;Il giorno della civetta;;
534;Sciascia L.;Il giorno della civetta;;
535;;;;
536;Chiara P. ;Il piatto piange;;
537;Chiara P.;La spartizione;;
538;Chiara P.;La spartizione;;
539;Chiara P.;Il pretore di Cuvio;;
540;Patti E. ;Giovannino;;
541;Bigiaretti L.;Disamaore;;
542;Castellaneta C.;Villa di delizia;;
543;Brancati V.;Paolo il caldo;;
544;Zena R.;La bocca del lupo;;
545;Del Buono;La parte difficile;;
546;A r p i n o G .;La suora giovane;;
547;A r p i n o G .;Il buio e il miele;;
548;Cancogni M.;Il ritorno;;
549;Tozzi F.;I romanzi vol.I;;
550;Tozzi F.;I romanzi vol.II;;
551;T r o i s i D.;Diario di un giudice;;
552;T r o i s i D.;Viaggio scomodo;;
553;Fo  D.;Commedie vol.I;;
554;Fo  D.;Commedie vol.II;;
555;Fo  D.;Commedie vol.V;;
556;Stuparich G.; L’isola e altri racconti;;
557;Stuparich G.;L’isola e altri racconti;;
558;Stuparich G.;Giochi di fisionomie;;
559;Stuparich G.;    Il ritorno del padre;;
560;Stuparich G.;Il ritorno del padre;;
561;Dolci D.;Racconti siciliani;;
562;Dolci D.;Non esiste il silenzio;;
563;Compagnone L.;Città di mare con abitanti;;
564;Compagnone L.;Capriccio con rovine;;
565;Pini  U.;Sotto le ceneri dell’impero;;
566;S b o d i o G .;Il pellegrino senza santuari;;
567;Zangrandi R.;La tradotta del Brennero;;
568;L a z z a t i G .;I soliti quattro gatti;;
569;L i s i a n i V .;Good bye, Trieste;;
570;Montale E .;Farfalla di Dinard;;
571;Mosca G.;    Ricordi di scuola;;
572;Campanile A.;Il povero Piero;;
573;Campanile A.;   Gli asparagi e l’immortalità dell’anima;;
574;C e c o v i n i M;   Monte Perati – La Julia in Grecia;;
575;De Lagarda U.F.;Il concerto di Varsavia;;
576;Valenti P .;La bagarre;;
577;Ugolini L.;Voci del mare e della terra;;
578;;;;
579;;;;
580;B a cch e 11 i  R.;Il mulino del Po  vol.I;;
581;B a cch e 11 i  R.;Il mulino del Po  vol.II;;
582;B a cch e 11 i  R.;Il mulino del Po  vol.III;;
583;B a cch e 11 i  R.;L’Italia per terra e per mare;;
584;;;;
585;Santucci L.;Orfeo in Paradiso;;
586;Santucci L.;Volete andarvene anche voi?;;
587;Santucci L.;Il velocifero;;
588;Santucci L.;Non sparate sui narcisi;;
589;Santucci L.;Lo zio prete;;
590;Sereni A;I clandestini del mare;;
591;Seminara F.;Il vento nell’oliveto-Disgrazia in casa Amato-Il diario di Laura;;
592;S l a t a p e r  S .;Il mio Carso;;
593;S l a t a p e r  S .;Il mio Carso;;
594;Alvaro C.;Ultimo Diario;;
595;Schettini M.;La letteratura della grande guerra;;
596;Salvaneschi N.;Il pastore sulle vette;;
597;Levi C .;La doppia notte dei tigli;;
598;Saba-Quarantotti Gambini;Il vecchio e il giovane;;
599;Testa C.;Memorie e romanzi del Risorgimento;;
600;S ch i r a l d i V .;Baciamo le mani;;
601;Alvaro C.;Settantacinque racconti;;
602;Alvaro C.;L’amata della finestra;;
603;Alvaro C.;Itinerario italiano;;
604;Alvaro C.;L’età breve;;
605;Alvaro C.;La moglie e i quaranta racconti;;
606;Alvaro C.;La moglie e i quaranta racconti;;
607;Eco U.;Diario minimo;;
608;Eco U.;Diario minimo;;
609;;;;
610;;;;
611;C a n e s i N.;La cattiva battaglia;;
612;Bellini M .;Nella fornace del Don;;
613;B o c c a r d i - B o c c a z z i   ;II cimitero dei dinosauri;;
614;C e c o v i n i M;I migliori di noi;;
615;D'Annunzio G.;Le novelle della Pescara;;
616;D'Annunzio G.;L'innocente;;
617;D'Annunzio G.;Il fuoco;;
618;B e 11 o n c i M.;Tu vipera gentile;;
619;Anonimo triestino;Il segreto;;
620;Betti U.;Raccolta di novelle;;
621;A r p i n o G.;L'ombra delle colline;;
622;Butti E.A.;L'automa - l'incantesimo;;
623;B a l i g i o n i;I bei momenti;;
624;B e r n a r i C .;Tre operai;;
625;Bontempelli M.;Vita e morte di Adria e dei suoi figli;;
626;Rigoni Stern M;Il sergente nella neve;;
627;Pasolini PP.;Il padre selvaggio;;
628;Ferreri Azcona;Non toccare la donna bianca;;
629;Schreiner C.;Istria grigia;;
630;Dello Strologo S.;Quello che i governi ci nascondono sui dischi volanti;;
631;De Roberto F.;I viceré;;
632;A l b e r o n i F .;L'amicizia;;
633;Bettizza E.;Saggi, viaggi, personaggi;;
634;Salvalaggio N.;Calle nel tempo;;
635;Terra S .;Un viaggio, una vita;;
636;A n d re o tti G .;Visti da vicino;;
637;S a v i a n e G.;Getsemani;;
638;Malaparte C.;La pelle;;
639;A r p i n o G .;La suora giovane;;
640;Cassieri G .;La cocuzza;;
641;B e n c o S .;Trieste;;
642;Capuana L.;Il marchese di Roccaverdina;;
643;Casini T.;La bella stagione;;
644;T o b i n o M .;Sulla spiaggia e al di là del molo;;
645;T o b i n o M .;Il clandestino;;
646;AA.VV.;La terra fiorita;;
647;C e c o v i n i M .;Per favore chiamatemi von;;
648;Bonfantini M.;Sul Po;;
649;Arbasino A.;L'anonimo lombardo;;
650;Antonioni M.;Chung Kuo Cina;;
651;Caleffi P.;Si fa presto a dir fame;;
652;Caleffi P.;Si fa presto a dir fame;;
653;De Roberto F.;I viceré;;
654;Ricchezza A e;L'esercito del Sud;;
655;Rigoni Stern M.;Il bosco degli urogalli;;
656;Rigoni Stern M.;Quota Albania;;
657;Rigoni Stern M.;Quota Albania;;
658;Quarantotti Gambini P.A.          ;Le redini bianche;;
659;Rigoni Stern M.;Ritorno sul Don;;
660;Russo G.;Israele - L'atomo e la Bibbia;;
661;Rossi V.;L'oceano;;
662; Rossi V.;L'orso sogna le pere;;
663; Rossi V.;Sabbia;;
664; Rossi V.;Miserere coi fiocchi;;
665;Romano L.;Le parole tra noi leggere;;
666;Romano L.;Le parole tra noi leggere;;
667;Calasso;Le nozze di Cadmo e Armonia;;
668;Jovine;Signora Ada;;
669;Vassalli S.;La chimera;;
670;Quasimodo S.;Tutte le poesie;;
67 1;Biagi E. ;America;;
672;Pavese C.;Poesie;;
673;Pavese C.;Feria d'agosto;;
674;Versace G.;Il teatro degli gnomi;;
675;Versace G.;Il teatro degli gnomi;;
676;Sanvitale F.;Madre e figlia;;
677;Eco U.;Il nome della rosa;;
678;Calvino I.;La speculazione edilizia;;
679;Silone I.;L'avventura di un povero cristiano;;
680;Bellonci;Rinascimento privato;;
681;Bellonci;Rinascimento privato;;
682;Loy R;Le strade di polvere;;
683;Fo D.;Le commedie;;
684;Verga G.;I Malavoglia;;
685;Verga G.;I Malavoglia;;
686;Verga G;Mastro don Gesualdo;;
687;Verga G;Mastro don Gesualdo;;
688;Verga G;Le novelle;;
689;N i g r o R .;I fuochi del Basento;;
690;L a g o r i o G .;Golfo del Paradaiso;;
691;Macciocchi M. A. ;Di là dalle porte di bronzo.  Saggio intellettuale di una donna in Europa;;
692;Mafai M .;Pane nero (Donne e vita quotidiana nella Seconda Guerra Mondiale);;
693;M a d i e r i M;Verde acqua;;
694;G u i d o tt i M .;Pertini: Una vita per la libertà;;
695;Morovich E.;Miracoli quotidiani;;
696;S g o r I o n C;El Calderàs;;
697;T o m i z z a F .;L'ereditiera veneziana;;
698;S v e v o I.;La coscienza di Zeno;;
699;Marchi C .;Quando eravamo povera gente;;
700;Verga G.;I Malavoglia;;
701;Eco U.;Il pendolo di Foucault;;
702;Palazzeschi-Belleli;Sotto il magico orologio;;
703;L o d o I i M .;Grande raccordo;;
704;G u c c i n i F .;Croniche epafaniche;;
705;S g o r I o n C .;La fontana di Lorena;;
706;De Carlo A.;Due di due;;
707;Versace G;Il teatro degli gnomi;;
708;Einaudi;Frammenti di memoria;;
709;Cesari;Colloquio con G. Einaudi;;
710;Palma;La luna di kristallo;;
711;Volponi;La strada per Roma;;
712;Fogazzaro;Piccolo mondo  antico;;
713;D’Annunzio G.;Notturno;;
714;D’Annunzio G.;Trionfo della morte;;
715;Calvino I.;Il barone rampante;;
716;Ginzburg;Lessico Familiare;;
717;Ginzburg;Lessico Familiare;;
718;Ginzburg;Lessico Familiare;;
719;Da Verona;I promessi sposi;;
720;Cesari;Colloquio con G. Einaudi;;
721;Rossi Fedrigotti;Di buona famiglia;;
722;Vassalli S. ;Marco e Mattio;;
723;Maldini;La casa a Nord-ESt;;
724;Cavezzali Umberto;Gente del Po;;
725;A r l a c c h i P .;Gli uomini del disonore - La mafia siciliana vita del grande pentito A. Calderone;;
726;T o m i z z a  F .;Destino di frontiera;;
727;Ledda G.;Padre padrone;;
;;;;
728;Romano Lalla;;;
;;Un sogno del nord;;
729;Z a v o l i  Sergio.;La notte della Repubblica;;
730;Rusich de Moscati    S. ;II mio diaro;;
73 1;Matteucci (a cura di)  ;   In casa d'altri - Sedici filippine si raccontano;;
732;I p p o l i ti  G.;La matita spezzata - Storie difficili di picco immigrati;;
733;S g o r l o n  C .;Marco d'Europa;;
734;Cardini F.;Nome in codice: Assad;;
735;Poggio P.A.;Cleopatra:  Regina e Cortigiana;;
736;T o m i z z a  F .;M a t e r a d a;;
737;T o m i z z a  F .;M a t e r a d a;;
738;T o m i z z a  F .;M a t e r a d a;;
739;Milani Nelida;Una valigia di cartone;;
740;Milani  N.;Una valigia di cartone;;
74 1;Milani  N.;Una valigia di cartone;;
742;Milani  N.;Una valigia di cartone;;
743;Milani  N.;Una valigia di cartone;;
744;Abate Carmine;Il muro dei muri;;
745;Abate C.;Il muro dei muri;;
746;Abate C.;Il muro dei muri;;
747;Abate C.;Il muro dei muri;;
748;Abate C.;Il muro dei muri;;
749;Sereni Clara;Il gioco dei regni;;
750;B i a s i o n Renzo;S a g a p ò;;
75 1;Maurensig Paolo;La variante di Luneburg;;
752;P e t a cco A.;La principessa del Nord;;
753;P e t a cco A.;La regina del Sud;;
754;C r o v I Raffaele;La valle dei cavalieri;;
755;Casati Modignani Sveva.;Saulina: Il vento del passato;;
756;P i v e tt a Oreste;Candido Nord: Agi e disagi di una provincia bene;;
757;Tamaro Susanna;Và dove ti porta il cuore;;
758;Vassalli S.;La chimera;;
759;L o n g o G;L'acrobata;;
760;Bal lestra S.;Compleanno dell'iguana;;
761;M a g r i s C .;Un altro mare;;
762;G u c c i n i F .;Vacca d'un cane;;
763;S g o r I o n C .;Il regno dell'uomo;;
764;O m b re s R.;Un Dio coperto di rose;;
765;Tabucchi A.;Sostiene Pereira;;
766;De Crescenzo L.;Elena, Elena, amore mio;;
767;Starnone D.;Fuori registro;;
768;R a v e ra L .;Sorelle;;
769;Battagl ia R.;Una rosa dal mare;;
770;Eco U.;Sei passeggiate nei boschi narrativi;;
771;Battaglia R.;Cielo chiaro;;
772;Giovanni Paolo II;Varcare la soglia della speranza;;
773;Maraini D .;Voci;;
774;Verga G.;I Malavoglia;;
775; Orengo N.;L'autunno della signora Waal;;
776;Marzorati S.;Ritorno a Zagabria;;
777;Fenoglio B.;La paga del sabato;;
778;Fenoglio B.;La paga del sabato;;
779;;;;
780;Fenoglio B.;La malora;;
781;Fenoglio B.;La malora;;
782;Fenoglio B.;La malora;;
783;FenoglioB.;La malora;;
784;Fenoglio B.;La malora;;
785;Pavese C.;Prima che il gallo canti;;
786;Pavese C.;Prima che il gallo canti;;
787;Pavese C.;La luna e i falò;;
788;Pavese C.;La luna e i falò;;
789;Pavese C.;La luna e i falò;;
790;Pavese C.;La luna e i falò;;
791;Pavese C.;La luna e i falò;;
792;Pavese C.;La luna e i falò;;
793;Bassani G.;Il giardino dei Finzi-Contini;;
794;Svevo I.;Una vita;;
795;Levi C.;Cristo si è fermato a Eboli;;
796;Levi C.;Cristo si è fermato a Eboli;;
797;Tozzi F.;Con gli occhi chiusi;;
798;Tozzi F.;Con gli occhi chiusi;;
799;Tozzi F.;Con gli occhi chiusi;;
800;Tozzi F.;Con gli occhi chiusi;;
801;Calvino I.;Il sentiero dei nidi di ragno;;
802;Calvino I.;Il sentiero dei nidi di ragno;;
803;Calvino I.;Il sentiero dei nidi di ragno;;
804;Levi P.;Se questo è un uomo;;
805;;;;
806;Silone I.;L'avventura di un povero cristiano;;
807;Silone I.;L'avventura di un povero cristiano;;
808;Silone I.;L'avventura di un povero cristiano;;
809;Pavese C.;La luna e i falò;;
810;Pavese C.;La luna e i falò;;
811;Pavese C.;La luna e i falò;;
812;Pavese C.;La luna e i falò;;
813;Pavese C;La luna e i falò;;
814;PaveseC.;La luna e i falò;;
815;Pavese C.;La luna e i falò;;
816;Pavese C.;La luna e i falò;;
817;Pavese C.;La luna e i falò;;
818;Pavese C.;La luna e i falò;;
819;Pavese C.;Prima che il gallo canti;;
820;Pavese C.;Prima che il gallo canti;;
821;Pavese C.;Prima che il gallo canti;;
822;Pavese C.;Prima che il gallo canti;;
823;Pavese C.;Prima che il gallo canti;;
824;Pavese C.;Prima che il gallo canti;;
825;Pavese C.;Prima che il gallo canti;;
826;Pavese C.;Prima che il gallo canti;;
827;Levi Carlo;Cristo si è fermato ad Eboli;;
828;Levi Carlo;Cristo si è fermato ad Eboli;;
829;Levi Carlo;Cristo si è fermato ad Eboli;;
830;Levi Carlo;Cristo si è fermato ad Eboli;;
831;;;;
832;Levi Carlo;Cristo si è fermato ad Eboli;;
833;Levi Carlo;Cristo si è fermato ad Eboli;;
834;;;;
835;Calvino I.;Il visconte dimezzato-Il barone rampante-Il cavaliere inesistente;;
836;Calvino I.;Il visconte dimezzato-Il barone rampante-Il cavaliere inesistente;;
837;Calvino I.;Il visconte dimezzato-Il barone rampante-Il cavaliere inesistente;;
838;Calvino I.;Il visconte dimezzato-Il barone rampante-Il cavaliere inesistente;;
839;Calvino I.;Il visconte dimezzato-Il barone rampante-Il cavaliere inesistente;;
840;Calvino I.;Il visconte dimezzato-Il barone rampante-Il cavaliere inesistente;;
841;Calvino I.;Il visconte dimezzato-Il barone rampante-Il cavaliere inesistente;;
842;Calvino I.;Il visconte dimezzato-Il barone rampante-Il cavaliere inesistente;;
843;Calvino I.;Il visconte dimezzato-Il barone rampante-Il cavaliere inesistente;;
844;Vittorini E.;Conversazione in Sicilia;;
845;;;;
846;Vittorini E.;Conversazione in Sicilia;;
847;Pirandello;L’esclusa;;
848;;;;
849;Tozzi F.;Con gli occhi chiusi;;
850;Borghese G.A;Rubè;;
851;Borghese G.A.;Rubè;;
852;Calvino I.;Il sentiero dei nidi di ragno;;
853;Calvino I.;Il sentiero dei nidi di ragno;;
854;Calvino I.;Il sentiero dei nidi di ragno;;
855;Calvino I.;Il sentiero dei nidi di ragno;;
856;Calvino I.;Il sentiero dei nidi di ragno;;
857;Calvino I.;Il sentiero dei nidi di ragno;;
858;Calvino I.;Il sentiero dei nidi di ragno;;
859;Silone I.;L’avventura di un povero cristiano;;
860;Silone I.;L’avventura di un povero cristiano;;
861;Silone I.;L’avventura di un povero cristiano;;
862;Silone I.;L’avventura di un povero cristiano;;
863;Silone I.;L’avventura di un povero cristiano;;
864;Silone I.;L’avventura di un povero cristiano;;
865;Silone I.;L’avventura di un povero cristiano;;
866;Bassani G. ;Il giardino dei Finzi-Contini;;
867;Bassani G. ;Il giardino dei Finzi-Contini;;
868;Bassani G. ;Il giardino dei Finzi-Contini;;
869;Pirandello L. ;Il fu Mattia Pascal;;
870;Pirandello L. ;Il fu Mattia Pascal;;
871;Pirandello L. ;Il fu Mattia Pascal;;
872;Pirandello L. ;Il fu Mattia Pascal;;
873;Pirandello L. ;Il fu Mattia Pascal;;
874;Pirandello L. ;Il fu Mattia Pascal;;
875;;;;
876;Pirandello L. ;Il fu Mattia Pascal;;
877;Pirandello L. ;Il fu Mattia Pascal;;
878;Pirandello L. ;Il fu Mattia Pascal;;
879;Fenoglio M.;Casa Fenoglio;;
880;Fenoglio B.;La paga del sabato;;
881;Svevo I.;Una vita;;
882;Svevo I.;Una vita;;
883;Svevo I.;Una vita;;
884;Silone I.;Fontamara;;
885;Silone I.;Fontamara;;
886;Silone I.;Fontamara;;
887;;;;
888;Silone I.;Fontamara;;
889;Silone I.;Fontamara;;
890;Silone;Fontamara;;
891;;;;
892;Silone;Fontamara;;
893;Silone;Fontamara;;
894;Svevo I.;La coscienza di Zeno;;
895;Svevo I.;La coscienza di Zeno;;
896;Svevo I.;La coscienza di Zeno;;
897;Svevo I.;La coscienza di Zeno;;
898;Svevo I.;La coscienza di Zeno;;
899;Svevo I.;La coscienza di Zeno;;
900;;;;
901;Svevo I.;La coscienza di Zeno;;
902;Eco U.;Il nome della rosa;;
903;Eco;Il nome della rosa;;
904;Eco;Il nome della rosa;;
905;Eco;Il nome della rosa;;
906;Eco;Il nome della rosa;;
907;Eco;Il nome della rosa;;
908;Eco;Il nome della rosa;;
909;Eco;Il nome della rosa;;
910;Eco;Il nome della rosa;;
911;Eco;Il nome della rosa;;
912;Tozzi F.;Il podere;;
913;Tozzi F.;Tre croci;;
913;;;;
914;Levi P.;Se questo è un uomo;;
915;Levi P.;Se questo è un uomo;;
916;;;;
917;Levi P.;Se questo è un uomo;;
918;Levi P.;Se questo è un uomo;;
919;Levi P.;Se questo è un uomo;;
920;Levi P.;Se questo è un uomo;;
921;Pirandello L.;Sei personaggi in cerca d'autore - Enrico IV;;
922;Pirandello L.;Liolà - Così è se vi pare;;
923;Pirandello L.;L'innesto - La patente - L'uomo, la bestia, la virtù;;
924;Pirandello L.;Pensaci, Giacomino! - La ragione degli altri;;
925;Pirandello L.;Questa sera si recita a soggetto - Trovarsi;;
926;Pirandello L.;Il berretto a sonagli - La giara - Il piacere dell'onestà ;;
927;Pirandello L.;Vestire gli ignudi - L'altro figlio - L'uomo dal fiore in bocca;;
928;Pirandello L.;Quaderni di Serafino Gubbio operatore;;
929;Pirandello L.;Uno, nessuno, centomila;;
930;Pirandello L.;L'umorismo;;
931;Pirandello L.;I vecchi e i giovani;;
932;Maurensig P.;Canone inverso;;
933;Baricco A.;Seta;;
934;Benni S.;Elianto;;
935;Bettiza E.;Esilio;;
936;Calvino I.;Le città invisibili;;
937;Pirandello L.;La morsa – Lumie di Sicilia – Il dovere del medico;;
938;Anselmi S.;Storie di Adriatico;;
939;Magris C.;Microcosmi;;
940;Savi Lopez M.;Leggende del mare;;
941;Leghissa A.;La bellezza ulteriore;;
942;Cerami V.;L’ipocrita;;
943;Cerami V.;L’ipocrita;;
944;Cerami V.;L’ipocrita;;
945;Tomasi di Lampedusa;Il Gattopardo;;
946;Tomasi di Lampedusa;Il Gattopardo;;
947;Tomasi di Lampedusa;Il Gattopardo;;
948;Tomasi di Lampedusa;Il Gattopardo;;
949;Tomasi di Lampedusa;Il Gattopardo;;
950;Tomasi di Lampedusa;Il Gattopardo;;
951;Tomasi di Lampedusa;Il Gattopardo;;
952;Tomasi di Lampedusa;Il Gattopardo;;
953;Tomasi di Lampedusa;Il Gattopardo;;
954;Tomasi di Lampedusa;Il Gattopardo;;
955;Vegliani F.;La frontiera;;
;;;;
956;Sciascia L.;Una storia semplice;;
957;Tomizza F.;Franziska;;
958;Mastronardi L. ;Il maestro di Vigevano - Il calzolaio di V. Il meridionale di V.;;
959;Capriolo P.;Il nocchiero;;
960;Gadda CE. ;La cognizione del dolore;;
961;Stuparich G.;Un anno di scuola e Ricordi Istriani;;
962;Tabucchi A. ;Il filo dell’orizzonte;;
963;Del Giudice D.;Atlante occidentale;;
964;Camilleri A. ;La voce del violino;;
965;Gadda C. E.;Quer pasticciaccio brutto de Via Merulana;;
966;Tomizza F.;Franziska;;
967;Pontiggia G.;La morte in banca;;
968;Piovene G. ;Viaggio in Italia;;
969;Cecchi E.;America amara;;
970;Vassalli S.;La chimera;;
971;Volponi P.;Il pianeta irritabile ;;
972;Pasolini P. P.;L'odore dell'India;;
973;Vittorini E.;Le donne di Messina;;
974;Bianciardi L.;La vita agra;;
975;Moravia A.;Un'idea dell'India;;
976;Manganelli G.;Esperimento con l'India;;
977;Moravia A.;Viaggi   - Articoli 1930-1990;;
978;Fasano P.;Letteratura e viaggio;;
979;Milani don L.;Lettere di don Milani Priore di Barbiana;;
980;Magris C. ;Utopia e disincanto;;
981;Vasari G. ;Giani Stuparich - Ricordi di un allievo;;
982;Signoretto P.;L'ombra lunga del destino;;
983;Turoldo D. M.;Ultime poesia (1991-1992);;
984;Montale E.;Diario postumo 66 poesie e altro;;
985;Madieri M.;Verde acqua - La radura;;
986;Madieri M.;La conchiglia;;
987;De Benedetti G. ;16 ottobre 1943;;
988;Tomizza F.;Nel chiaro della notte;;
989;Pasolini P. P.;La meglio gioventù;;
990;Abate C. ;La moto di Scanderbeg;;
991;Sgorlon C. ;Il filo di seta;;
992;La Cava M.;La melagrana matura;;
993;Corona M.;Le voci del bosco;;
994;Corona M.;Finché il cuculo canta;;
995;Sciascia L.;Le parrocchie di Regalpetra;;
996;Strada G.;Pappagalli verdi;;
997;Viti G.;Cara L. (storia di un normalissimo disabile);;
998;Malatesta S.;Il cammello battriano;;
999;Roveredo P.;Ballando con Cecilia ;;
1000;Culicchia G. ;Tutti giù per terra;;
1001;Verga G.;Novelle di Sicilia e di Milano;;
1002;Leghissa A.;L'asfodelo bianco;;
1003;Pasolini P.P.;Il sogno di una cosa ;;
1004;Milost Della Grazia E.;La sindrome di Odisseo;;
1005;Silone Ignazio;Il segreto di Luca ;;
1006;Monelli Paolo;In giro per il mondo;;
1007;Fraulini Enrico;Le figlie dei fiori;;
1008;Fraulini Enrico;Le rotte dell'assurdo;;
1009;Zorzenon Nordio;La tuta gialla;;
1010;Mascialino Rita;Il paese disabitato ed altri racconti ;;
1011;Gatto Alfonso;Il coro della guerra;;
1012;Marotta Giuseppe;San Gennaro non dice mai di no;;
1013;Comisso Giovanni;Amori d'Oriente e Gioco d'infanzia;;
1014;Zelli Aldo;Diecimila anni fa;;
1015;Voghera Giorgio;Prima di addormentarmi;;
1016;Calvino Italo;Marcovaldo ovvero Le stagioni in città;;
1017;Calvino Italo;Marcovaldo ovvero Le stagioni in città;;
1018;Calvino Italo;Marcovaldo ovvero Le stagioni in città;;
1019;Chiesa Giulietto-Vauro;Afghanistan - anno zero ;;
1020;Depangher Giorgio;Sbrindoli;;
1021;Loi Franco;Liber;;
1022;Loi Franco;L'angel;;
1023;Pintor Luigi;Il nespolo;;
1024;Salierno Giulio;Fuori margine;;
1025;Zacchigna Maurizio;L'eredità dell'ostetrica;;
1026;Verga Giovanni;I Malavoglia;;
1027;Verga Giovanni;I Malavoglia;;
1028;Verga Giovanni;I Malavoglia;;
1029;Verga Giovanni;I Malavoglia;;
1030;Verga Giovanni;I Malavoglia;;
1031;Verga Giovanni;I Malavoglia;;
1032;Verga Giovanni;I Malavoglia;;
1033;Verga Giovanni;I Malavoglia;;
1034;Vassalli Sebastiano;La notte della cometa;;
1035;Verga Giovanni;I Malavoglia;;
1036;Verga Giovanni;I Malavoglia;;
1037;Mastrocola Paola;La gallina volante;;
1038;Morante Elsa;La Storia;;
1039;Ovadia Moni;Vai a te stesso;;
1040;Asor Rosa Alberto;L'alba di un mondo nuovo;;
1041;Pavese Cesare ;Lotte di giovani e altri racconti;;
1042;Brancati Vitaliano;Don Giovanni di Sicilia;;
1043;Menegaldo O.V. (a cura di);Poeti italiani del Novecento;;
1044;Fusini Nadia;Lo specchio di Elisabetta;;
1045;Eco Umberto;Baudolino;;
1046;Collodi;Le avventure di Pinocchio;;
1047;Calvino Italo;I racconti;;
1048;Calvino Italo;I racconti;;
1049;Abate Carmine;Tra due mari;;
1050;Spaziani Maria L.;Donne in poesia;;
1051;Venuti Vittorio;Parole per meditare;;
1052;Abate Carmine;Tra due mari;;
1053;Abate Carmine;Tra due mari;;
1054;Abate Carmine;Tra due mari;;
1055;Abate Carmine;Tra due mari;;
1056;Abate Carmine;Tra due mari;;
1057;Abate Carmine;La moto di Scanderberg;;
1058;Comida Luciano;Michele Crismani vola a bitritto;;
1059;Corona Mauro;Il volo della martora;;
1060;AA.VV.;Gli angeli del cortile;;
1061;Pariani Laura;Quando Dio ballava il tango;;
1062;Pariani Laura;Quando Dio ballava il tango;;
1063;Pariani Laura;Quando Dio ballava il tango;;
1064;Pariani Laura;Quando Dio ballava il tango;;
1065;Pariani Laura;Quando Dio ballava il tango;;
1066;La Capria Raffaele;Opere;;
1067;Strizzolo Nicola;Ombre;;
1068;Ferrari Renato;La foiba dei merli;;
1069;Abate Carmine;La festa del ritorno;;
1070;Loy Rosetta;Nero è l'albero dei ricordi;;
1071;Tomizza Fulvio;Materada;;
1072;Tomizza Fulvio;Materada;;
1073;Oliviero Ferraris Anna;Dai figli non si divorzia;;
1074;Oliviero Ferraris Anna;Dai figli non si divorzia;;
1075;Oliviero Ferraris Anna;Dai figli non si divorzia;;
1076;Oliviero Ferraris Anna;Dai figli non si divorzia;;
1077;Oliviero Ferraris Anna;Dai figli non si divorzia;;
1078;Arslan Antonia;La masseria delle allodole;;
1079;Arslan Antonia;La masseria delle allodole;;
1080;Arslan Antonia;La masseria delle allodole;;
1081;Arslan Antonia;La masseria delle allodole;;
1082;Weil Mina;L'ultimo giorno;;
1083;Weil Mina;L'ultimo giorno;;
1084;Weil Mina;L'ultimo giorno;;
1085;Weil Mina;L'ultimo giorno;;
1086;Weil Mina;L'ultimo giorno;;
1087;Tondo Renzo;“Chapati” dieci giorni a Delhi;;
1088;Abate Carmine;La festa del ritorno;;
1089;Pedullà Gabriele;Racconti della Resistenza;;
1090;Pincherle Nora;Come amare le viole del pensiero;;
1091;Cortesi Marco;Le donne di Pola;;
1092;Bruno D’Amore;Più chel’doppiar de li scacchi si inmilla Incontri di Dante con la Matematica;;
1093;Manfredi Valerio Massimo;Lo scudo di Talos;;
1094;Pirandello Luigi;Uno, Nessuno, Centomila;;
1095;Pirandello Luigi;L’uomo dal fiore in bocca ed altri racconti;;
1096;De Crescenzo Luciano;Nessuno L’Odissea raccontata ai lettori di oggi;;
1097;Vincenzo Viola (a cura di);Racconti europei del Novecento;;
1098;Coroneo Dorotea (a cura di);Racconti di donne nel Novecento;;
1099;Fabietti U. e Pellegrino A. (a cura di);Noi e gli altri. Cultura a confronto  con la narrativa dell’Otto-Novecento;;
1100;Pontiggia Giuseppe;Nati due volte;;
1101;Camber Barni Giulio;La Buffa con un racconto di Umberto Saba;;
1102;Costanzo Gennaro;L’albero del cielo;;
1103;Abate Carmine;Il muro dei muri;;
1104;Carachino Salvatore;Teufel serenade;;
1105;Calvino Italo;La giornata di uno scrutatore;;
1106;Ginzburg Carlo;Il formaggio e i vermi;;
1107;Avoledo Tullio;L’elenco telefonico di Atlantide;;
1108;Odifreddi Piergiorgio;Il diavolo in cattedra;;
1109;Vassalli Sebastiano;Un  infinito numero;;
1110;Vassalli Sebastiano;Un  infinito numero;;
1111;Vassalli Sebastiano;Un  infinito numero;;
1112;Vassalli Sebastiano;Un  infinito numero;;
1113;Mancinelli Laura;I dodici abati di Challant;;
1114;Mancinelli Laura;I dodici abati di Challant;;
1115;Mancinelli Laura;I dodici abati di Challant;;
1116;Mancinelli Laura;I dodici abati di Challant;;
1117;Vassalli Sebastiano;Amore lontano;;
1118;Baricco Alessandro;NEXT;;
1119;Saviano Roberto;Gomorra;;
1120;Saviano Roberto;Gomorra;;
1121;Carofiglio Gianrico;Il passato è una terra straniera;;
1122;Tarella Paola;Gli ultimi della classe;;
1123;Pasolini Pier Paolo;Lettere Luterane;;
1124;Carofiglio Gianrico;Testimone inconsapevole;;
1125;Carofiglio Gianrico;Testimone inconsapevole;;
1126;Carofiglio Gianrico;Ad occhi chiusi;;
1127;Carofiglio Gianrico;Ad occhi chiusi;;
1128;Anglisani Gianni;La panchina rossa;;
1129;Anglisani Gianni;Albergo Trinità ed altri racconti;;
1130;Anglisani Gianni;Tregua (Poesie);;
1131;Anglisani Gianni;Penultime cronache – Poesie e altro;;
1132;Barrico   Alessandro ;Novecento;;
1133;Barrico   Alessandro ;Novecento;;
1134;Barrico   Alessandro ;Novecento;;
1135;Geda Fabio;Nel mare ci sono i coccodrilli;;
1136;Geda Fabio;Nel mare ci sono i coccodrilli;;
1137;Geda Fabio;Nel mare ci sono i coccodrilli;;
1138;Barrico   Alessandro ;Novecento;;
1139;Barrico   Alessandro ;Novecento;;
1140;Barrico   Alessandro ;Novecento;;
1141;Barrico   Alessandro ;Novecento;;
1142;Barrico   Alessandro ;Novecento;;
1143;Carofiglio Gianrico;Testimone inconsapevole;;
1144;Carofiglio Gianrico;Testimone inconsapevole;;
1145;Carofiglio Gianrico;Testimone inconsapevole;;
1146;Carofiglio Gianrico;Testimone inconsapevole;;
1147;Carofiglio Gianrico;Testimone inconsapevole;;
1148;Cobelli Enzo;Garcia Lorca;;
1149;Bacchelli Riccardo;La città degli amanti;;
1150;Biagi Enzo;Ferrari;;
1151;Bevilacqua Alberto;Il curioso delle donne;;
1152;Eco Umberto;Il pendolo di  Foucault;;
1153;Moravia Alberto;1934;;
1154;Soldati Mario;Nuovi racconti del maresciallo;;
1155;Arpino Giovanni;La trappola amorosa;;
1156;Parise Goffredo;Il prete bello;;
1157;Gervaso Roberto;Nerone;;
1158;Modignani Sveva Casati;Caterina a modo suo;;
1159;Abate  Carmine;La felicità dell’attesa;;
1160;Abate  Carmine;La felicità dell’attesa;;
1161;Abate  Carmine;La felicità dell’attesa;;
1162;Abate  Carmine;La felicità dell’attesa;;
1163;Affinati Eraldo;Vita di vita;;
1164;Catozzella  Giuseppe;Il grande futuro;;
1165;Catozzella  Giuseppe;Il grande futuro;;
1166;Catozzella  Giuseppe;Il grande futuro;;
1167;Levi Primo;Se non ora, quando?;;
1168;Luperini Romano;La Rancura;;
1169;Saviano Roberto;ZeroZeroZero;;
1170;Culicchia Giuseppe;Bla Bla Bla;;
1171;Di Pietrantonio Donatella;L’Arminuta;;
1172;Casa Fabrizio;Batte forte il cuore;;
1173;Stratton Allan;Il segreto di Chanda  life above all;;
1174;Camuffo Pericle- Serra Fabrizio;CARTEGGIO 1913-1982.  BIAGIO MARIN-GIUSEPPE PREZZOLINI ;;
1175;Gallarotti Antonella;DIALOGHI CON CARLO MICHELSTAEDTER DOPO IL 17 OTTOBRE 1910 L'oscurità luminosa invade la stanza ;;
1176;Giovanetti Marco;GRADO LA VOCE DELLA SUA POESIA : antologia della poesia gradese dai canti lagunari ai giorni nostri ;;
1177;Camuffo Pericle- Serra Fabrizio;DIALOGO AL CONFINE - SCELTA DI LETTERE 1978-1985 - GINO BRAZZODURO-BIAGIO MARIN a cura di Pericle Camuffo Fabrizio Serra;;
1178;Russo Fabio;UNA LINEA DI PENSIERO TESO. Bruno - Leopardi - Marin  ;;
1179;Camuffo Pericle;SCRITTI GORIZIANI 1920-1923 Biagio Marin ;;
1180;Serra Edda;A PACE LONTANA DIARI 1941-1950. BIAGIO MARIN ;;
1181;Lunzer Renate;IRREDENTI REDENTI Intellettuali giuliani del '900 ;;
1182;Chiereghin Walter-Martelli H. Claudio- prefazione di Elvio Guagnini;Dizionario degli autori di Trieste, dell'Isontino, dell'Istria e della Dalmazia;;
1183;Marco Giovanetti;Grado la voce della sua poesia;;
1184;D’aenia Alessandro;L’arte di essere fragili. Come Leopardi può salvarti la vita;;
1185;Baricco Alessandro;The game;;
1186;;;;
1187;Orio Vergani;Udienze a porte chiuse;;
1188;Giovanni visconti;Ricordi di gioventù;;
1189;Carlo Lucarelli;Albergo Italia;;
1190;Michele Serra;Gli sdraiati;;
1191;Mauro Corona;Finchè il cuculo canta;;
1192;Mauro Corona;Il volo della martora;;
1193;Gianfranco Carofiglio;Non esiste saggezza;;
1194;Dacia Maraini;La nave per Kobe. Diari giapponesi di mia madre;;
1195;Dacia Maraini;Bagheria. I colori, I sapori, le luci di una terra antica e sorprendente;;
1196;Pino Roveredo;Mandami a dire;;
1197;Dacia Maraini;Buio ;;
1198;Mario Marti;Poeti giocosi. del tempo di Dante;;
1199;Roberto Palmarocchi;Cronisti del trecento;;
1200;Giuseppe Baretti;Opere;;
1201;Stefania Auci;I leoni di Sicilia;;
1202;Marco Santagata;Il racconto della commedia;;
1203;Giulio Guidorizzi;Enea, lo straniero;;
1204;Giorgio Ieranò;Eroi;;
1205;Paolo Rumiz;Annibale;;
1206;Giorgio Ieranò;Demoni, mostri e prodigi;;
1207;Viola Ardone;Il treno dei bambini;;
1208;Giulio Guidorizzi;Io, Agamennone;;
1209;Giulio Guidorizzi;Ulisse;;
1210;Giorgio Ieranò;Il mare d’amore;;
1211;Niccolò Ammaniti;Anna;;
1212;Paolo Rumiz;Appia;;
1213;Aldo Cazzullo;Il posto degli uomini;;
1214;Laura Pepe;La voce delle sirene;;
1215;Pietro del Soldà;Sulle ali degli amici;;
1216;Paola Mastrocola;Una barca nel bosco;;
1217;Aldo Cazzullo;A riveder le stelle;;
1218;Alessandro Barbero;DANTE;;
1219;Marco Santagata;LE DONNE DI DANTE;;
1220;Claudio Marabini;Silone;;
1221;Primo Levi;Se non ora, quando?;;
1222;Emilio Salgari;I pirati della Malesia;;
