1;Della Casa M.;Lingua, testo e significato;;
2;Cortelazzo-Zolli;Dizionario etimologico della lingua italiana;;
3;Cortelazzo-Zolli;Dizionario etimologico della lingua italiana;;
4;Cortelazzo-Zolli;Dizionario etimologico della lingua italiana;;
5;Brooks N.;L’apprendimento delle lingue straniere;;
6;Baldi-Mercanti;L’insegnamento della lingua inglese;;
7;Malmberg B.;La linguistica contemporanea;;
8;Foucault M.;Le parole e le cose;;
9;King E.;Insegnanti e società in evoluzione;;
10;Lawton D.;Programmi di studio ed evoluzione speciale;;
11;Lewis D.;La valutazione del sistema scolastico;;
12;Scaffidi Abate A.;Introduzione allo studio comparative delle lingue germaniche antiche;;
13;Bruni F.;L’origine del linguaggio;;
14;AA.VV.;Incontri linguistici;;
15;Mantia-Centemeri;I sussidi audiovisivi nell’apprendimento delle lingue moderne;;
16;Pescioli I.;Attività extrascolastiche;;
17;Tagliavini M.;Storia di parole pagane e cristiane attraverso I tempi;;
18;Nisbet-Entwistle;Metodologia  della ricerca educativa e della sperimentazione;;
19;Filograsso N.;Apprendimento-Natura e società;;
20;Berruto G.;La sociolinguistica;;
21;Janne-Geminard;Rapporto sulla scuola secondaria superiore;;
22;Richmond-Gozzer;Scuola inglese-scuola italiana;;
23;Moorhouse A.C.;Il trionfo dell’alfabeto;;
24;AA.VV.;La scuola secondaria in Italia (1859-1977);;
25;Migliorini B.;Lingua contemporanea;;
26;Migliorini B.;Lingua contemporanea;;
27;Vergnano I.;Il problema della società educative (aggiorn.  1975-1980);;
28;Debesse  M. ( a cura di );Psicologia dell’insegnamento;;
29;Debesse  M.;Psicologia dell’educazione;;
30;Banks O.;Psicologia dell’educazione;;
31;Reguzzoni M.;La riforma dellla scuola nella C.E.E.;;
32;Strobel K.;L’insuccesso scolastico;;
33;Debesse  M.-Mialaret;La funzione docente;;
34;Bennet M.;Stili d’insegnamento e progresso scolastico;;
35;Guilbert J.;Guida pedagogica;;
36;Carli e  altri;Aggiornamento degli insegnanti;;
37;Schefield H.;Valutazione e uso dei tests;;
38;AA.VV.;Guisa alla formazione di una biblioteca pubblica;;
39;Censis;Educazione Italia 82- Nuovi bisogni e vecchie povertà;;
40;Censis;La scuola del malessere- Contributi per un’analisi del microsistema scuola;;
41;Becchi;L'organizzazione della ricerca educativa;;
42;Gozzar G.;La partecipazione in cammino;;
43;Postman N.;La scuola come contropotere;;
44;Legrenzi-Luccio;Valutare per schede;;
45;AA.VV.;Lavorando con gli insegnanti;;
46;Corda Costa M.;Orientamenti per la sperimentazione didattica;;
47;Vertecchi B.;Valutazione formativa;;
48;De Greve – Van Passel;La linguistica e l’insegnamento delle lingue straniere;;
49;Bouton C.;Introduzione alla linguistica applicata;;
50;Pride J.B.;Il significato sociale del linguaggio;;
51;Di Pietro R.;Lingua a confronto;;
52;;;;
53;Lyons J.;Introduzione alla linguistica teorica: il linguaggio ;;
54;Lyons J.;Introduzione alla linguistica teorica:la grammatica;;
55;Lyons J.;Introduzione alla linguistica teorica:la semantica;;
56;Titone R.;Insegnare oggi le lingue seconde:breviario di glottodidattica;;
57;D’Addio Colosimo W.;Lingua straniera e comunicazione-Problemi di glottodidattica;;
58;Caponera-Siani;La letteratura di lingua straniera nella seconda superiore;;
59;Bohlen A.;Didattica delle lingue straniere;;
60;Bronfenbrenner U.;Due mondi dell’infanzia:USA-URSS;;
61;Calonghi L.;Valutazione delle composizioni scritte;;
62;DeLandsheere;Definire gli obiettivi dell’educazione;;
63;Timasheff N.;La sociologia diL.Sturzo;;
64;Cherkaoui M.;I paradossi del successo scolastico;;
65;Valitutti S.;Comunità educativa e cultura;;
66;AA.VV.;La situazione ducativa in Italia;;
67;AA.VV.;Ricerca pedagogica e sperimentazione in URSS;;
68;;;;
69;;;;
70;Berardi R.;Didattica della storia;;
71;Bianchi-Moltedo;Elaboratori elettronici nell’struzione;;
72;Ball B.;Il mestiere di padre;;
73;Vincent R.;L’educazione dei ragazzi;;
74;Cousinet R.;Fa quel che ti dico;;
75;Coen R.;Ambiente ed educazione;;
76;Coen R.;Ambiente ed educazione;;
77;Bertini G.M.;Società in trasformazione e vita educativa;;
78;AA.VV.;La repressione culturale in Lituania;;
79;AA.VV.;La lunga strada di un’alternativa nell’URSS;;
80;;Genitori sbagliati;;
81;Cerquetti ( a cura di);Sociologia dell’educazione;;
82;;;;
83;;;;
84;;;;
85;Flores d’Arcais G.;L’esame di maturità in controluce;;
86;Arnheim R.;Film come arte;;
87;;;;
88;;;;
89;Rimaud J.;L’educazione è guida della crescita;;
90;Rodano -Occhetto;Scuola e insegnanti in Italia;;
91;AA.VV.;Scienze sociali e riforma della scuola secondaria;;
92;Min.Pubbl. Istruzione;Processi di innovazione nella scuola;;
93;Brown B.;La scuola secondaria;;
94;Pontecorvo (a cura di);Quale cultura per la nuova scuola secondaria;;
95;Califano;Processo agli studenti;;
96;Schroder H.;Comunicazione, informazione, istruzione;;
97;Green L.;Genitori e insegnanti;;
98;Green L.;Genitori e insegnanti;;
99;Morris C.;Segni, linguaggio e comportamento;;
100;Valitutti S. (a cura di);Scuola pubblica e privata;;
101;De Landsheere C.;Introduzione alla ricerca in educazione;;
102;Bion W.;Gli elementi della psicanalisi;;
103;Bion W.;Gli elementi della psicanalisi;;
104;Bion W.;Trasformazioni;;
105;Bion W.;Apprendere dall’esperienza;;
106;Brunner J.;Il significato dell’educazione;;
107;Wolf K.;Per una cultura concreta;;
108;Vinci A.guerra;La scuola possibile;;
109;Natale-Colucci-Natoli;La scuola in Italia;;
110;Schick C.;Il linguaggio;;
111;;;;
112;Cesareo V.;Insegnanti, scuola e società;;
113;De Saussure F.;Corso di linguistica;;
114;Graffi-Rizzi (a cura di);La sintassi generativo trasformazionale;;
115;Todorov T.;Teorie del simbolo;;
116;;;;
117;Soravia G.;Storia del linguaggio;;
118;Pei M.;La storia del linguaggio;;
119;McNeill D.;L’acquisizione del linguaggio;;
120;Fornaca R.;I problem della scuola italiana dal 1943 alla Costituente;;
121;Dewej J.;Scuola e società;;
122;Borghi L.;Scuola e comunità;;
123;Clausse A.;Teoria dello studio di ambiente;;
124;Laporta R.;Educazione elibertà in una società in progresso;;
125;Malmberg B.;La linguistica contemporanea;;
126;Hudson R.;Sociolinguistica;;
127;Puglielli A.R.;La linguistica generative-trasformazionale;;
128;AA.VV.;L’analisi dell’insegnamento;;
129;Judge H.;La scuola non è morta;;
130;Piaget J.;Dove va l’educazione;;
131;Husen T.;Crisi della scuola;;
132;Laporta R.;La comunità scolastica;;
133;Visalberghi A.;Scuola aperta;;
134;Corradini-Vecchi;Le assemble studentesche;;
135;AA.VV.;La scuola della riforma;;
136;Catalano F.;I movimenti studenteschi e la scuola in Italia (1938-1968);;
137;De Simone S.;Evoluzione della scuola italiana e scienza del diritto;;
138;Bertin G.M.;Introduzione al problematicismo pedagogico;;
139;;;;
140;AA.VV.;Scuola e controscuola: le alternative possibili;;
141;Fiorentini E.;Scuola addio!;;
142;;;;
143;Muscetta-Asor Rosa;Guida alla composizione;;
144;;;;
145;;;;
146;;;;
147;;;;
148;;;;
149;;;;
150;;;;
151;;;;
152;Brezinka W.;La pedagogia nella nuova sinistra;;
153;Wojnar I.;Estetica e pedagogia;;
154;Capitini A.;Educazione aperta, vol. I;;
155;Capitini A.;Educazione aperta, vol. II;;
156;Morris D.;La scimmia nuda;;
157;Moraro V.;Giovani così;;
158;Onorati A.;Università undicesima bolgia;;
159;Onorati A.;Università undicesima bolgia;;
160;Freud A.;Il trattamento psicoanalitico dei bambini;;
161;Bottomore T.B.;Sociologia come critica;;
162;Carbonaro-Lumachi;Giovani in provincia;;
163;Girod D.;Atteggiamenti collettivi e relazioni umane;;
164;Wilson e altri;Fondamenti psicologici dell’apprendimento e dell’insegnamento;;
165;;;;
166;;;;
167;Wright Mills C.;Sociologia e pragmatismo;;
168;Maistriaux R.;L’intelligenza e il carattere;;
169;Hemming J.;L’adolescenza femminile;;
170;Reymond -Rivier;Lo sviluppo sociale del bambino e dell'adolescente;;
171;Reymond -Rivier;Lo sviluppo sociale del bambino e dell'adolescente;;
172;Nietzsche F.;Sull'avvenire delle nostre scuole;;
173;Inardi M.;L'ignoto in noi;;
174;Monti A.;Scuola classica e vita moderna;;
175;;;;
176;;;;
177;;;;
178;Debasse M.;L'adolescenza;;
179;Origlia D.;L'educazione del bambino difficile;;
180;Gallien L.;La sessualità;;
;;;;
181;Chauchard P.;Il motore vivente;;
182;Eliot L.;L'idea di una società cristiana;;
183;Fromm E.;Psicanalisi della società contemporanea;;
184;Mannoni M.;"Lo psichiatra,  il suo ""pazzo"" e la psicoanalisi";;
185;Angela P.;Da zero a tre anni;;
186;Forte G.;La famiglia in purgatorio;;
187;Ceccato S.;Il maestro inverosimile;;
188;Gattullo M.;Didattica e decimologia;;
189;Dalla Volta A.;Dizionario di psicologia;;
190;Bassi A.;Psicologia scolastica;;
191;Guillaume P.;Manuale di psicologia;;
192;Ossicini A.;I ragazzi che fuggono;;
193;Jones M.;Che cos'è la  psicanalisi;;
194;Meili R.;Prime fasi nello sviluppo del carattere;;
195;AA.VV.;Individuo e società;;
196;AA.VV.;Scienze dell'educazione;;
197;Wright Mills C.;La élite del potere;;
198;Bobbio N.;Pareto e il sistema sociale;;
199;;;;
200;Goldmann L.;Per una socioloia del romanzo;;
201;Goldmann L.;Per una socioloia del romanzo;;
202;Chauchard P.;Farmaci, psicofarmaci e morale;;
203;Frossard A.;Dio esiste, io l'ho incontrato;;
204;Williams E.;Capitalismo e schiavitù;;
205;Vianello M.;Lo scarto culturale;;
206;Caputo M.G.;Le tecniche audiovisive nell'insegnamento;;
207;Pantaleone M.;L'industria del potere;;
208;Miller G.;Psicologia della comunicazione;;
209;Colaprete P.;Gli insuccessi scolastici;;
210;AA.VV.;La genesi dell'umanità;;
211;Cecchini A.;La psicanalisi;;
212;Jacobbi R.;Guida per lo spettatore di teatro ;;
213;Di Marco P.;L'automazione;;
214;Sorgato A.;II mistero della vita;;
215;Miotto A.;Istinto e società animale;;
216;Favilli M.;La menzogne - Studio psicologico;;
217;Canarini T.;Psicanalisi, uomo, società;;
218;Ferrarotti F.;Introduzione alla sociologia;;
219;AA.VV.;Filosofia analitica e conoscenza storica;;
220;;;;
221;Ancona L.;Questioni di psicologia;;
222;AA.VV.;Questioni di storia della pedagogia;;
223;Boid W.;Storia dell'educazione occidentale;;
224;Pettere G.;Lo sviluppo mentale nelle ricerche di Piaget;;
225;Chamberlin L.;Team  teaching;;
226;Laing R.;La  politica  della famiglia;;
227;Laing R.;L’io indiviso;;
228;Montagu M.;La razza-Analisi di un mito;;
229;Longhi L.;Neuropsichiatria;;
230;Ballarini A.;Aspetti della psichiatria contemporanea;;
231;Maritain J.;Cristianesimo e democrazia;;
232;Sciacca M.;La libertà e il tempo;;
233;Rosaia Zacutti;Non sparate agli uccellini;;
234;Gozzer G.;Il capitale  invisibile;;
235;Cazeneuve J.;I poteri della televisione;;
236;AA.VV.;Prospettive dell’insegnamento della filosofia;;
237;Cozzani E.;Aggredisci il futuro;;
238;Cozzani E.;Aggredisci il futuro;;
239;AA.VV.;In nome del padre;;
240;Basaglia F. ( a cura di);L’istituzione negata;;
241;Basaglia F. ( a cura di);L’istituzione negata;;
242;Garma A.;Psicanalisi dei sogni;;
243;AshbY W.;Progetto per un cervello;;
244;Mollo G.;Educare alla soggettività;;
245;Reinhard e altri;Storia della popolazione mondiale;;
246;Fleming C.;Analisi psicologica dell’insegnamento;;
247;Piaget J. ;Dal bambino all’adolescente;;
248;Tomasello;La critica della civiltà nella psicanalisi;;
249;Sechehaye M.;Diario di una schizofrenica;;
250;Anthony S.;La scoperta della morte nell’infanzia;;
251;Lazarus R.;Psicologia della personalità;;
252;Cottone C.;Cinema educativo e no;;
253;Schroedinger E.;L’immagine del mondo;;
254;Josselyn I. ;L’adolescente e il suo mondo;;
255;Mainwaring J.;La psicologia nella scuola;;
256;Le ny J.;Il condizionamento;;
257;Mialaret ;Psicopedagogia dei mezzi audiovisivi;;
258;;;;
259;Brenner C.;Breve corso di psicanalisi;;
260;Clark K.;Ghetto negro;;
261;AA.VV.;Il sogno e le civiltà ;;
262;Cortese ( a cura di );Il movimento, studentesco;;
263;Rusconi G.;La teoria critica della società;;
264;Vignola G.;I test psicologici;;
265;Battacchi M.;Delinquenza minorile, psicologia e istituzioni totali;;
266;Rougemont (de) D.;Vita e morte dell’Europa;;
267;Multzer H.;Proprietà senza furto;;
268;Schutz W.;La gioia;;
269;Myrdal- Klein;I due ruoli della donna;;
270;Jaccard P.;Introduzione alle scienze sociali;;
271;Feldmann E.;Teoria dei mass-media;;
272;Fulchignoni E.;L’immagine nell’era cosmica;;
273;Horney K.;Psicologia femminile;;
274;Parry J.;Psicologia della comunicazione umana;;
275;Strauss L.;Liberalismo antico e moderno;;
276;Lefabvre H.;La rivoluzione urbana;;
277;Granet-Mauss;Il linguaggio dei sentimenti;;
278;De Sanctis R.;Difesa dell’uomo;;
279;Lorenzetto A.;La scuola assente;;
280;Fiori G.;La società del malessere;;
281;Abbate M.;Libertà e società di massa;;
282;Fadiga Zanatta A.L.;Il sistema scolastico in Italia;;
283;Secord-Dackman;Psicologia sociale;;
284;Bally C.;Linguistica generale e linguistica francese;;
285;Dinnen F.;Introduzione alla linguistica generale;;
286;Illich I.;Rovesciare le istituzioni;;
287;UNESCO (a cura di);I diritti dell'uomo e la libertà della fame;;
288;Altavilla L.;Processo ai genitori;;
289;Altavilla L.;Processo alla famiglia;;
290;Acquaviva S.;Mass media, famiglia e trasformazioni sociali;;
291;Leccese M. (a cura di);Montessori - Educazione alla libertà;;
292;Com. Dell’Isolotto;Isolotto sotto processo;;
293;Eymieu A.;Le grandi leggi, vol. I;;
294;Eymieu A.;Le grandi leggi, vol. II;;
295;Eymieu A.;Le grandi leggi, vol. III;;
296;Eymieu A.;Le grandi leggi, vol. IV;;
297;Ossicini A.;Gli esclusi e noi;;
298;Mileto A. R.;Il diritto alla salute;;
299;Sinjavskij A.;In difesa della piramide;;
300;Solzenitsyn A.;Tra autoritarismo e sfruttamento;;
301;Ferriere A.;L'educazione nella famiglia;;
302;Troisi D.;I bianchi e i neri;;
303;Alfassio e altri;I giovani degli anni sessanta;;
304;Larmat J.;La genetica dell'intelligenza;;
305;Piaget J.;Conferenze sulla epistemologia;;
306;Calegari P.;Lo psicologo nella scuola;;
307;Litt-Spranger;Enrico Pestalozzi;;
308;Kaminski A.;La pedagogia sovietica e l'opera di Makarenko;;
309;Lelotte F.;La soluzione del problema della vita, vol. I;;
310;Lelotte F .;La soluzione del problema della vita, voi. Il;;
311;Lelotte F.;La soluzione del problema della vita, voi. Ili;;
312;Lelotte F.;La soluzione del problema della vita, voi. IV;;
313;Lelotte F;La soluzione del problema della vita, vol.V;;
314;Battaglia S.;Mitografia del personaggio;;
315;G o z z e r G .;Religione e rivoluzione in America Latina;;
316;Piaget J.;Lo strutturalismo;;
317;Gandhi M . K .;Teoria della non violenza;;
318;AA.VV.;I lavoratori studenti;;
319;AA.VV.;I lavoratori studenti;;
320;Ballerini A.;Aspetti della psichiatria contemporanea;;
321;Lux S;Arte e industria;;
322;Manfredi-Lenta;SOS, universo anno zero;;
323;Manfredi-Lenta;Il cristiano e la tentazione della violenza;;
324;Manfredi B;Angoscia e solitudine nel romanzo italiano contemporaneo;;
325;Toschi G .;Angoscia e solitudine nel teatro contemporan;;
326;May R.;Angoscia e solitudine nel cinema italiano;;
327;Manfredi B.;Angoscia e solitudine nella poesia italiana contemporanea;;
328;Franco R;Aspetti del pensiero filosofico oggi;;
329;Mondin B .;L'uomo e il mondo - Il Cristo e la chiesa;;
330;Dell'Agnola V.;Psicologia la sconosciuta;;
331;Viott-Scurati;La pedagogia oggi e le principali correnti;;
332;Suor Chiara;Suore ieri, oggi, domani: radiografia di una vocazione;;
333;Fabbro N .;I cattolici e la contestazione in Italia;;
334;Burgalassi S.;Preti in crisi?;;
335;Croce MA.;Filmologia e società;;
336;Litvinoff B .;La lunga strada per Gerusalemme;;
337;J o n a s F;Storia della sociologia;;
338;D a w s o n C .;Progresso e religione;;
339;Comes S.;Tempo libero, tempo liberato;;
340;H e m p e I C .;Filosofia delle scienze nataurali;;
341;;;;
342;L e w i n K .;Teoria dinamica della personalità;;
343;Baudouin C.;Psicanalisi del simbolo religioso;;
344;L a v e 11 e L .;La condotta verso gli altri;;
345;Mendouse P.;Psicologia della ragazza;;
346;Santoni Rugiu A.;Il professore nella scuola italiana;;
347;Weber M .;Il metodo delle scienze s t o r i co - s o c i a I i;;
348;De Luca L .;Introduzione alla psicologia generale;;
349;Bickermann E;La cronologia nel mondo antico;;
350;Aeb I i H;Didattica psicologica;;
351;B u e h I e r C .;Psicologia e vita quotidiana;;
352;Z a z z o R .;Teoria e pratica in psicologia, vol. I;;
353;Z a z z o R;Teoria e pratica in psicologia, vol. Il;;
354;Freinet E.;Nascita di una pedagogia popolare;;
355;Bauer R.;Il senso della libertà;;
356;Lenard F.;Il cittadino e la giustizia;;
357;Debesse M.;Come studiare e comprendere gli adolescenti;;
358;Roghi G.;I selvaggi;;
359;;;;
360;Canepari C.   ;Invito allo spettacolo;;
361;Jung C.;La psicologia del transfert;;
362;Lazarsfeld P.;Introduzione alla sociologia;;
363;Messeri A. ;II problema del potere nella società occidentale ;;
364;Kirkegaard S.;Scuola di cristianesimo;;
365;Buber M.;L'eclissi di Dio;;
366;Froio F.;Una scuola da rinnovare;;
367;Anders G.;L'uomo è antiquato;;
368;Namer L.;La rivoluzione degli intelletuali;;
369;Goodman P.;La gioventù assurda;;
370;Maffi M.;La cultura underground;;
371;Maffi M.;La cultura underground;;
372;Durant W.;Gli eroi del pensiero;;
373;Friedmann G.;Problemi umani del macchinismo industriale;;
374;Monti A.  ;I miei conti con la scuola;;
375;Morus;Gli animali nella storia della civiltà;;
376;Carrell A.;L'uomo questo sconosciuto;;
377;George P.;Geografia sociale del mondo;;
378;Pellegrini E.;L'nformazione negata;;
379;Hopkins J.;Le voci degli hippies;;
380;Pinna L.;La famiglia esclusiva;;
381;Tentori T. (a cura);Educazione alla pace;;
382;Tentori T. (a cura);Educazione alla pace;;
383;Guitton J.;Il lavoro intellettuale;;
384;Berge A;Lo scolaro difficile;;
385;Foix P.;L'influsso del carattere sulla scrittura;;
386;Marquiset J.;Le criminalità;;
387;Sorokin P.;Modo e utopie nella sociologia moderna e scienze;;
388;Mumford L.;Tecnica e cultura;;
389;Mumford L.;La città nella storia ;;
390;Mumford L.;La condizione dell'uomo ;;
391;Gemelli A.;La psicologia dell'età evolutiva ;;
392;B a s s i - C a n e ll a;La balbuzie nell'età evolutiva ;;
393;AA.VV.;Prospettive del sacro;;
394;Gusdorf G.  ;Introduzione alle scienze umane ;;
395;Horkheimer M.;Rivoluzione o libertà;;
396;Kende P.;La crisi della società produttivistica;;
397;Plebe A.;Quel che non ha capito C.Marx;;
398;Mussen P.;Psicologia dell'età evolutiva;;
399;Rothschild E.;L'automobile fine di un'era;;
400;;;;
401;;;;
402;;;;
403;Coomaraswami A.;Sapienza orientale e cultura occidentale;;
404;D a n i e I o u  J .;La cultura tradita dagli intellettuali;;
405;Fabro  C .;L'uomo e il rischio di dio;;
406;Lewis  O .;La cultura della povertà;;
407;S e r vi e r  J .;L'uomo e l'invisibile;;
408;;;;
409;;;;
410;Calabrese-Violi;I giornali - guida alla lettura;;
411;Statera G.;Sociologia della scienza;;
412;Toschi P.;Il folklore;;
413;Baroni A.;Pedagogia moderna;;
414;De Castris A.;La cultura della crisi;;
415;Ebbinghaus H.;La memoria - psicologia sperimentale;;
416;Ferrarotti (a cura di);La sociologia del potere;;
417;T e n t o r i T .;Antropologia culturale;;
418;A A . VV .;La fisica della mente;;
419;Basaglia-Ongaro;La maggioranza deviante;;
420;R a g o n e G .;Psicologia dei consumi;;
421;Vergnano  I.;Il problema della società educativa - pedagogia;;
422;Prodi G;La scienza,  il potere,  la critica;;
423;Cassese S.;Burocrazia ed economia pubblica;;
424;Barbagli M .;Disoccupazione intellettuale e sistema scolastico in Italia;;
425;AA. VV.;Il rombo del motore;;
426;Ossicini A .;Esperienze di psicologia di gruppo;;
427;M u r i a 1 d i P .;Come si legge un giornale;;
428;Pasquini M .;La sicurezza sociale;;
429;M a c o n i V .;Etnologia sociale;;
430;Golzio S;La popolazione;;
431;Hjelmslev L.;Il linguaggio;;
432;Tomasi T.;Idealismo e fascismo nella scuola italiana;;
433;Ferriere A.;L ' e d u c a z z i o n e nella famiglia;;
434;Z a n g r i 11 i V .;Pedagogia del dissenso;;
435;Trisciuzzi L.;"Cultura e mito nel ""Robinson Crousoe""";;
436;Battistelli V.;Il libro del fanciullo;;
437;B e rg e A .;La libertà nell'educazione;;
438;Lustenberger W.;Il lavoro scolastico a gruppi;;
439;Lowenfeld M.;Il gioco nell'infanzia;;
440;Guerrini A.;La rivoluzione al liceo;;
441;Borghi L.;Educazione e scuola nell'Italia d'oggi;;
442;Borghi L.;John Dewey;;
443;Dewey J. .;Scuola e società;;
444;Dewey J .;D e m o c r a z i a  e d  educazione;;
445;Dewey J .;L'educazione d'oggi;;
446;Clancier-Jaccard;Genitori senza difetti;;
447;Turner V.;La foresta dei simboli;;
448;Di Francesco S.;Il diritto alla nascita;;
449;Horheimer-Adorno;Lezioni di sociologia;;
450;AA.VV.;Chi insegna a chi;;
451;Goldmann-Lukacs-Eco;Sociologia della letteratura;;
452;B o a s G;Il culto della fanciullezza;;
453;B e r g e A;Genitori sbagliati;;
454;Negri A.;La questione universitaria;;
455;Va I i tutt i S .;Il diritto allo studio;;
456;Lami L.;La scuola del plagio;;
457;Mazzetti R.;Quale scuola secondaria?;;
458;Grandi G;Misurazione e valutazione;;
459;Corda-Costa e altri;Orientamenti per la sperimentazione didattica;;
460;Calonghi L.;Sperimentazione nella scuola;;
461;Baudelot-Enstablet ;Sistema scolastico e società capitalistica;;
462;Scurati-Damiano;I n t e r d i s c i p li n a r i e t à e didattica;;
463;Canfora F.;Quale scuola;;
464;Barbagli M .;Disoccupazione intellettuale e sistema scolastico in Italia;;
465;Barbagli M .;Disoccupazione intellettuale e sistema scolastico in Italia;;
466;Barbagli M .;Asylimus;;
467;Lamour-Lamberti;Il sistema modiale della droga;;
468;P a ce i n o D;Imbroglio ecologico;;
469;J o n a s F .;Storia della sociologia, voi. I;;
470;JonasF.;Storia della sociologia, voi. Il;;
471;Fachinelli (a cura di);  L'erba voglio;;
472;Fachinelli (a cura di);La maggioranza deviante;;
473;Belotti-Giannini;Dalle parte delle bambine;;
474;;;;
475;Mc Luhan;Gli strumenti del comunicare;;
476;Walton  H.;Psicoterapia di gruppo;;
477;David  M .;La psicanalisi nella cultura italiana;;
478;A n d re o I i  V.;Droga e scuola;;
479;D a v i e s  I.;Mobilità sociale e mutamento politico;;
480;AA.VV.;Sociologia dei partiti politici;;
481;Cohen  A.;Controllo sociale e comportamento deviante;;
482;Fromm E.;La crisi della psicanalisi;;
483;Schumpeter J.;Sociologia dell'imperialismo;;
484;;;;
485;AA.VV.;Scuola, cultura, professione;;
486;Saba-Sardi;Nascita della follia;;
487;Cremonesi A.;Il funzionamento degli organi collegiali;;
488;Cooper D;La morte della famiglia;;
489;Cooper D;La morte deHIa famiglia;;
490;Vertecchi B.;Valutazone formativa;;
491;Ki I patrick B .;L’educazione e crisi sociale;;
492;Dewey J .;La scuola e il fanciullo;;
493;D a I e R .;Classi miste e rendimento scolastico;;
494;Gentili R .;Bottai e la riforma fascista della scuola;;
495;De Martino F.;Furore,  simbolo, valore;;
496;Garin E.;Educazione umanistica in Italia;;
497;Angela P .;L'uomo e la marionetta;;
498;Sol ivetti L.;Perchè la droga;;
499;Canguilham R.;Introduzione alla storia delle scienze;;
500;AA.VV.;Linguaggi nella società e nella tecnica;;
501;S c h w e i t z e r;Rispetto per la vita;;
502;Hutchings-Cave;Il dominio dell'uomo;;
503;David M.;La psicanalisi nella cultura italiana;;
504;B i a g i  E .;L'uomo non deve morire;;
505;L u z i M .;L'idea simbolista;;
506;AA.VV.;"Atti incontro su ""Tossicodipendenze e problemi giovanili""-Amm.Prov.Gorizia";;
507;AA.VV.;"Atti incontro su ""Tossicodipendenze e problemi giovanili""-Amm.Prov.Gorizia";;
508;AA.VV.;"Atti incontro su ""Tossicodipendenze e problemi giovanili""-Amm.Prov.Gorizia";;
509;Freud;Psicopatologia della vita quotidiana;;
510;Porcelli;Il Language testing - Problemi e tecniche;;
511;Freddi (a cura);Lingue moderne per la scuola italiana;;
512;L a d o;Per una didattica scientifica delle lingue;;
513;Freddi;Didattica delle lingue moderne;;
514;E b n e t e r;Lingua tedesca - Corso pratico di linguistica descrittiva;;
515;Della Casa;Lingua, testo, significato;;
516;Della Casa;Lingua, testo, significato;;
517;Carrozzini;Pianificazione nella scuola e metodologia;;
518;G u e d j;Lingua inglese-Corso pratico di linguistic descrittiva;;
519;Di Martino;Enciclopedia della scuola (della gestione);;
520;Roberti;Gli organici della scuola;;
521;Rigotti;Principi di teoria linguistica;;
522;Guasti (a cura);Il sistema della formazione in servizio dei docenti;;
523;Giugni;Il corpo e il movimento nel processo educativo della persona;;
524;G a s p a r i n i;Giovani verso la società futura;;
525;AA.VV.;Guida dello studente - Insegnamento superiore nella Comunità Europea;;
526;M e r I i n i;Fine dell'atomo;;
527;Furth H.G.;Piaget per gli insegnanti;;
528;Gardner H.;Formae mentis - Saggio sulla pluralità dell'intelligenza;;
529;Zatta P.;Scuola di stato e nomadi;;
530;Ockenden M.;Situational dialogues;;
531;Harmer J.;Teaching and learning grammar;;
532;Ramsey G.;Images;;
533;Heaton J.B.;Writing English language  tests;;
534;Kenworthy J.;Teaching English Pronunciation;;
535;Harmer J.;The practice of English-Language teaching;;
536;Wright A.;Visual materials for the language teacher;;
537;Underwood M.;Effective class management;;
538;Byrne D.;Tecniques for classroom-Interaction;;
539;Byrne D.;Teaching oral English;;
540;Grant N.;Making the most of your;;
541;Manacorda M.;La scuola degli adolescenti;;
542;Coleman J.;La natura dell’adolescenza;;
543;;;;
544;Pontecorvo C.;Università e formazione continua degli insegnanti;;
545;Vertecchi B.;La scuola verso il 2000;;
546;Seal B.;Vocabulary Builder, vol.I;;
547;Seal B.;Vocabulary Builder, vol.II;;
548;Morgan-Rinvolucri;The Q book-Practising interrogatives in reading, speaking and writing;;
549;Duff-Maley;Literature;;
550;Heaton J.B.;Classroom testing;;
551;O’Connor-Fletcher;SoundsEnglish a pronunciation practice book;;
552;Brumfit-Carter;Literature and language teaching;;
553;;;;
554;;;;
555;;;;
556;;;;
557;;;;
558;;;;
559;;;;
560;;;;
561;;;;
562;Novelletto;Psichiatria, psicoanalitica dell’adolescente;;
563;Vertecchi;Il tempo dei giovani;;
564;Auriemma-Tiriticco;L’aggiornamento dei docenti;;
565;Domenici;Gli strumenti della valutazione;;
566;Lewis;L’altra metà del cervello;;
567;Sournia;Alcolismo;;
568;Bianca;Capire la scienza;;
569;Orfei;Annotazioni per una letteratura del cambiamento;;
570;Briguccia;Letteratura-Studio parte prima;;
571;AA.VV.-Università di Udine;Motivi pedagogici;;
572;AA.VV.;Lo studente di successo;;
573;Nalesso;Progetto special lingue e linguaggi;;
574;Domenici G.;Descrittori dell’apprendimento;;
575;AA.VV.;Come formulare giudizi di valutazione didattica;;
576;Nash;Aspettative dell’insegnamento e apprendimento dell’alunno;;
577;Buyse;Come classificare gli alunni;;
578;Mager;Come sviluppare l’atteggiamento ad apprendere;;
579;Izzo;Insegnare nella secondaria superiore;;
580;Yosselyn;L’adolescente e il suo mondo ;;
581;Peja-Tornar;Tecniche e strumenti dell’intervento didattico;;
582;AA.VV.;Progettazione didattica;;
583;Fabrini-Melucci;L’età dell’oro-Adolescenti tra sogno ed esperienza;;
584;;;;
585;;;;
586;Zolla E.;Lo stupore infantile;;
587;Polito;Guida allo studio: Le tecniche: come sottolineare, prendere appunti, s c h e m a t i z z a r e , a r c h i v i a r e;;
588;Savater;Etica per un figlio;;
589;Lana;Il latino nella scuola secondaria;;
590;Bertagna G.;La riforma n e c e s s a r i a - L a scuola secondaria 70 anni dopo la riforma Gentile;;
591;Aurigemma;Stilistica italiana;;
592;Andreoli;La violenza dentro di noi - attorno a noi;;
593;AA.VV.;Uno sguardo sull'educazione;;
594;;;;
595;;;;
596;;;;
597;Accardo A.;"La scuola-diritto; problematiche, prospettive ";;
598;Bottani N.;Professoressa addio;;
599;Politzer G.;Freud e Bergson;;
600;Brocca B.;Il futuro della scuola;;
601;Pavese A.;Grande inchiesta sulla magia in Italia;;
602;Crystal D.;Encicl. Cambridge delle Scienze del linguaguaggio;;
603;AA.VV.;Insegnare la matematica ad allievi in difficoltà;;
604;AA.VV.;Pensiero autistico senza linguaggio;;
605;Simone R.;Fondamenti di linguistica;;
606;Gordon T.;Insegnanti efficacy-Pratiche educative per insegnanti, genitori e studenti;;
607;Montecchi F.;I simboli dell’infanzia. Dal pensiero di Jung al lavoro clinico  con i bambini;;
608;AA.VV.;Dalla lingua per la cultura.La didattica del latino;;
609;AA.VV. IRRSAE;Didattica breve-Materiali 1: storia, italiano, filosofia;;
610;AA.VV. IRRSAE;Didattica breve-Materiali 2: Recupero e altro;;
611;AA.VV. IRRSAE;Didattica breve-Materiali 3: Recupero italiano e storia;;
612;AA.VV. IRRSAE;Filosofia e didattica breve;;
613;AA.VV. IRRSAE;Aurea latinitatis a-CD-ROM dei testi della letteratura latina (cassetto);;
614;AA.VV. IRRSAE;Didattica breve e recupero scolastico di qualità Area scientific: sensibilizzazioe specifica +video;;
615;AA.VV. IRRSAE;Didattica breve e recupero scolastico di qualità  Un modello di intervento. I sistemi di forze + video;;
616;AA.VV. IRRSAE;Un percorso di “Didattica breve” verso la qualità nel recupero scolastico e nella ricerca metodologica disciplinare + CD-ROM;;
617;AA.VV.;Volti dell'educazione;;
618;Galli Nor;Educazione familiare alle soglie del terzo millennio;;
619;Scurati Cesare;Pedagogia della scuola;;
620;Masoni Marco;La consultazione psicologica nella scuola ;;
621;Sozzi Bruno;Sicurezza e prevenzione. Applicazione del D.LGS. 626/94;;
622;IRRSAE ER;Filosofia e didattica breve;;
623;Kagan J.;La natura del bambino - Psicoiogia e biologia dello sviluppo infantile;;
624;Dip.Aff.Sociali;Diritto di crescere e disagio. Rapporto 1996 sulla condizione dei minori in Italia;;
625;Gasperoni G.;Il rendimento scolastico;;
626;Ricciardi M.;Scrivere comunicare apprendere con le nuove tecnologie;;
627;Bevilacqua P.;Sull’utilità della storia per l'avvenire delle nostre scuole;;
628;;Stories for reading comprehension;;
629;;Stories for reading comprehension;;
630;;Stories for reading comprehension;;
631;;Further stories for reading comprehension - A;;
632;;Further stories for reading comprehension - B;;
633;Byrne D.;Intermediate comprehension passages;;
634;;Functional comprehension through text to skills;;
635;;Didattica breve - materiali 4 - Latino;;
636;Longo G.O.;Il nuovo Golem - Come il computer cambia la nostra cultura;;
637;AA.VV.;L' educazione all'interculturalità ( Premesse e sperimentazioni );;
638;Baraldi E.;La lezione ( 13 Esempi di svolgimenti disciplinari );;
639;Calonghi L.;Valutazione;;
640;Gruppo Abele;Annuario sociale 1998;;
641;Vico G.;Tempo ed educazione nel postmoderno;;
642;Oliviero A.;Esplorare la mente;;
643;AA.VV.;L'autonomia delle scuole;;
644;Domenici G.;Manuale della valutazione scolastica;;
645;Scurati C. (a cura di );La ricerca azione ( contributi per lo sviluppo educativo );;
646;Guasti L.;Curriculo e riforma della scuola;;
647;Costa M.;Dirigere la scuola dell'autonomia;;
648;Bertoldi F. (a cura di);Oltre la valutazione - Idee e ipotesi a confronto;;
649;Armone A.;Quando la scuola impara (autonomia scolastica);;
650;Presidenza Consiglio Ministri;L'accesso ai documenti amministrativi ( Testi, norme, atti, opinioni );;
651;Porzio-Serravalle E.;Maschile e femminile nei libri,nella scuola e nella vita;;
652;AA.VV.;L'età incerta - I nuovi adolescenti;;
653;Huxley Aldous;Letteratura e scienza;;
654;Andreoli V.;Droga e scuola - Una proposta educativa;;
655;AA.VV.;L'insegnamento della matematica e delle scienze speri­mentali nella scuola secondaria superiore - Parte I Parte II;;
656;AA.VV.;Decreti Delegati;;
657;AA.VV.;I giovani e la violenza - Premio giornalistico : IV edizione;;
658;Bertagna G.;Progetto educativo d'Istituto e carta dei servizi ;;
659;Comoglio M. ;Educare insegnando - Apprendere ad applicare il Coo­perative Learning;;
660;Domenici G.;Progettare e governare l'autonomia scolastica;;
661;Tomassucci G- Fontana L.;""" Far lezione """;;
662;Margiotta U.;L' insegnante di qualità - Valutazione e Performance;;
663;PellereY M.;Educare - Manuale di pedagogia come scienza pratico-progettuale;;
664;Blandino- Granieri;""" La disponibilità ad apprendere-Dimensioni emotive nella scuola e formazione degli insegnanti """;;
665;Freud S.;La mia vita e la psicanalisi - Prefazione di Cesare Musatti;;
666;GuidoCosimo;La continuità educativa ( dalla scuola materna alla secon­daria superiore;;
667;Guido Cosimo;La didattica della continuità- Curricoli longitudinali integrati fra scuola Materna, elementare, media e superiore ;;
668;AA.VV.;I nuovi media nella didattica della filosofia ;;
669;AA.VV.;Moduli per l'insegnamento della filosofia nel biennio del riordino dei cicli scolastici ;;
670;AA.VV.;Il concetto di felicità nel pensiero filosofico;;
671;AA.VV.;Scrivere l'italiano ;;
672;Morin E.;La testa ben fatta ;;
673;Morin E.;I sette saperi ;;
674;AA.VV.;Per una dimensione curriculare della didattica;;
675;AA.VV.;"La ""città"" dei filosofi ";;
676;AA.VV.;Note -Il progetto N.O.T.E. e l'esperienza della formazione a distanza;;
677;Cassano F.;Homo civicus ;;
678;Gasparini G.;Sociologia degli interstizi Intervista sull'identità;;
679;Bauman Z. ;Intervista sull’identità;;
680;Cassano F.;Modernizzare stanca;;
681;Cancrini T. ;Un tempo per il dolore;;
682;Freire Paulo;Padagogick der Unterdrückten;;
683;Būhler Charlotte;Die Rolle der Werte in der Entwicklung der Personalichkeit und in der Psychotherapie ;;
684;Schmidbauer Wolfang;Weiniger ist manchmal mehr zur Psychologie des Konsumversichts  ;;
685;Smith Louis M.- Hugins Bryce B.;Padagogische Psychologie Il;;
686;Lietz Hermann;Schubreform durch Neugrundung Aufgewahlte Padagogische Schriften;;
687;AA.VV.;Scuola di Barbiana Lettera a una professoressa;;
688;Gasparini G.;Sociologia degli interstizi. Viaggio, attesa, silenzio, sorpresa, dono.;;
689;Caneini T.;Un tempo per il dolore. Eros, dolore e colpa;;
690;Cassano F.;Modernizzare stanca. Perdere Tempo guadagnare tempo;;
691;Bauman . Zygmunt;Intervista  sull’identità.;;
692;Fiasconaro P. ( a cura di);La “Repubblica” di Platone e la concezione della donna nel mondo antico ;;
693;Kroflic R.;Tra l’ubbidienza e le responsabilità. Modello progressivo ed evolutivo dell’educazione morale;;
694;Del giudice G.- Mambara G. – Adami C.;I generi della violenza. Tipologie di violenza contro le donne e i minori e politiche di contrasto;;
695;Toplikar G.;La maestra Rosanna Una passione educativa Scritti e testimonianze;;
696;;;;
697;AAVV.;Linguaggio e sordità. Gesti, segni e parole nello sviluppo dell’educazione;;
698;Romeo Orazio;Dizionario dei segni. La lingua dei segni in 1400 immagini;;
699;Bertone Carmela ;Fondamenti di grammatical della lingua dei segni italiana;;
700;Janes Dario- Cramerotti Sofia (a cura di);Alunni con BES Bisogni educativi speciali;;
701;Vaselli Ferdinando;Sopra il cielo di San Basilio;;
702;Satta Andrea Antonioni Eleonora;Officina Millegiri;;
703;Baruchello Paolina Rivola Andrea;Pioggia di primavera;;
704;Balzano Paola;L’acqua del tempo giusto ilustrazioni di Rachelo Lo Piano;;
705;Roveda Anselmo;T’ho detto Z   illustraziioni di Dido;;
706;Quarzo Guido;Come fuché  illustrazioni di Cristiana Cerretti;;
707;Fontini Roberto Marchesi Antonio;Una giornata particolare  illustrazioni di Dido per la sezione italiana di Amnesty International;;
708;Chirico Francesco- Ferrari Giuseppe;Bournot nella scuola strumenti per la valutazione del riscio e la sorveglianza;;
709;Oggero M.;Orgoglio di classe;;
