1;Gaeta (a cura di);     La stampa nazionalistica;;
2;Musco E.;La verità sull'otto settembre;;
3;North (a cura di);Le memoria del maresciallo Alexander;;
4;SethR.;Caporetto;;
5;AA.VV.;La sacra Bibbia;;
6;Mack Smith D.  ;Il risorgimento italiano;;
7;Mack Smith D.  ;Il risorgimento italiano;;
8;Mack Smith D.  ;Storia d'Italia ( 1 861 -1958);;
9;Scoppola  (a c u r a di );C h i e s a  e stato nella storia d'Italia;;
10;B e r n a r d - C h e v a ll a z;I dossier della II guerra mondiale;;
11;AA.VV.;Lettere di antifascisti dal carcere e dal confine, vol. I;;
12;AA.VV.;Lettere di antifascisti dal carcere e dal confine, vol. II;;
13;Cottafavi A.;Mondo contemporaneo;;
14;P e p e - T h e m e ll y  ;L'anticlericalismo nel Risorgimento (1830-1 870);;
15;De Felice (a cura di);Il fascismo e i partiti politici italiani;;
16;Salisbury H.;50 anni di vita sovietica;;
17;Fasoli G.;Guida allo studio della storia;;
18;Du Camp M.;La spedizione delle due Sicilie;;
19;P o d r e c c a - G a Ia n t a r a;L ' a s i n o;;
20;AA.VV.;Profili di aerei militari della I guerra mondiale;;
21;Del Buono (a cura di);Il becco giallo;;
22;Zambelli (a cura di);Ricerche sulla cultura dell'Italia moderna;;
23;Guglielmotti U.   ;Storia della marina italiana;;
24;AA.VV.;Alpini;;
25;Bianchini M.;Viaggio attraverso la preistoria;;
26;AA.VV.;Epopea italica - Cent'anni di glorioso cammino;;
27;AA.VV.;I grandi atti del I parlamento italiano, VIII legislature-1961;;
28;Stato Magg. Esercito  ;1 859: l'armata sarda a San Martino;;
29;Stato Magg. Esercito  ;L'esercito italiano dal primo tricolore al centenario;;
30;Stato Magg. Esercito  ;L'esercito italiano;;
31;AA.VV.;Carabinieri;;
32;AA.VV.;Italia 1 961;;
33;AA.VV.;L'Accademia militare e le scuole di applicazione;;
34;Pariset D.;Storia del paracadutismo;;
35;Pitocco F.;Utopia e riforma religiosa nel Risorgimento;;
36;Pitocco F.;Utopia e riforma religiosa nel Risorgimento;;
37;Dotti S.;Ritirata in Russia;;
38;Ronchi della Rocca I.;Ricordi di un partigiano;;
39;Petrocchi M.;La politica della Santa Sede di fronte all'invasione ottomana ( 1444-1718);;
40;AA.VV.;Trattato che istituisce la comunità europea del carbone e dell’acciaio;;
41;Brozzi;Il mducato longobardo in F.V.G.;;
42;Favetta B.M.;Trieste e l'Italia nelle lettere dei volontari giuliani;;
43;AA.VV.;Guida alla costituzione;;
44;Calmetta J.;Carlomagno;;
45;Weber F.;Dal Monte Nero a Caporetto;;
46;Lazareff H. e P.;The Soviet Union after Stalin;;
47;Calamandrei P.;Uomini e città della resistenza;;
48;Alexander E.;Adenauer e la nuova Germania;;
49;Gatto (a cura di);Il coro della guerra;;
50;Catalano F.;L'Italia dalla dittatura alla democrazia;;
51;Dalla Chiesa N.;Storie di boss ministri tribunali giornali..;;
52;AA.VV.;L'Italia nella Grande Guerra;;
53;AA.VV.;L'Italia nella Grande Guerra;;
54;AA.VV.;L'Italia nella Grande Guerra;;
55;Sordi M.;Cristianesimo a Roma;;
56;AA.VV.;lI secondo Risorgimento;;
57;AA.Naz: ex Internati;La resistenza nei lager nazisti;;
58;;;;
59;AA.VV.;I documenti segreti del XX congresso del PCUS;;
60;AA.VV.;I documenti segreti del XX congresso del PCUS;;
61;Pirenne H.;Storia d'Europa dalle invasioni al XVI sec.;;
62;Biagi E.;Testimone del tempo;;
63;Nolin T.;L'Haganàh;;
64;Osservatore;Vita quotidiana a Mosca;;
65;Osservatore;Vita quotidiana a Mosca;;
66;Cartier R.;L'Europa alla conquista dell'America;;
67;Pollock F.;Automazione;;
68;Salvatore Battaglia;L’idea di Dante nel pensiero di G.Mazzini;;
69;;;;
70;Schettini M .;Estate 1914 - Dal dramma di Sarajevo alla guerra;;
71;J e d i n H .;Riforma cattolica e controriforma;;
72;Einaudi L..;La guerra e l'unità europea;;
73;Carducci (a cura di);Letture del Risorgimento italiano (1749-1 870);;
74;T r e v e I j a n;Storia dell'Inghilterra;;
75;AA.VV.;Nuove questioni di storia contemporanea, vol. I;;
76;AA.VV.;Nuove questioni di storia contemporanea, vol.II;;
77;AA.VV.;Introduzione allo studio della storia;;
78;Beard C .;Storia degli Stati Uniti d'America;;
79;Rossi F .;Una nuova frontiera a est;;
80;Stendardo G.;Via Tasso;;
81;Duroselle J.B.;Storia diplomatica ( 1 91 9-1 970);;
82;Crankshav E.;Il tramonto di un impero - La fine degli Asburgo;;
83;0 m o d e o A .;L'età del Risorgimento italiano;;
84;S u y i n H .;Mao Tse Tung;;
85;Cartier R. L ;Le  19 Europe;;
86;Kohn H .;L'idea del nazionalismo nel suo sviluppo storico;;
87;Barbieri P .;Ombre e luci di questa vecchia Europa;;
88;Jones A.;Il tramonto del mondo antico;;
89;Mammarella G.;L'Italia dopo il fascismo: 1943-1968;;
90;Mammarella G.;Europa, Stati Uniti: un'alleanza difficile;;
91;Volpe G .;Il medioevo;;
92;Della Seta U .;A n t i m a z z i n i a n e s i m o di G.Mazzini;;
93;Scocchi A.;G. Oberdan;;
94;Scocchi A.;G. Oberdan;;
95;Scocchi A.;G. Oberdan;;
96;Scocchi A.;G. Oberdan;;
97;Moscati R.;Relazione degli ambasciatori veneti al (serie III-Francia);;
98;Rossi P .;Lo storicismo tedesco contemporaneo;;
99;Guizot F.;Storia della civiltà in Europa;;
100;BastianettoM.;Storia degli Europei;;
101;Alatri P.;L'unità d'Italia ( 1 860-1 61 ), vol. I;;
102;Alatri P.;L'unità d'Italia ( 1 860-1 61 ), vol. Il;;
103;Paresce G.;Russia e Cina;;
104;Spencer C.;L'impero cinese;;
105;Davidson B.;Guida alla storia africana;;
106;Minuzzo N.;Quando arrivano i colonnelli;;
107;M a h i e z A .;La rivoluzione francese, vol. I;;
108;M a h i e z A .;La rivoluzione francese, vol. Il;;
109;M a h i e z A .;La rivoluzione francese, vol. III;;
110;L i I Iey S.;Storia della tecnica;;
111;Lefebvre G.;I termidoriani;;
112;Lefebvre G.;Il Direttorio;;
113;Don L e e t L.;Le grandi catastrofi naturali;;
114;Vavilov S .;Isaac Newton;;
115;Armitage A.;N.Copernico e l'astronomia moderna;;
116;Geymonat L.;Galileo Galilei;;
117;B a i n t o n R .;La riforma protestante;;
118;L u z z a t o G .;Breve storia economica d'Italia;;
119;Spinelli (a cura di);Che fare per l'Europa?;;
120;Sartre J . P .;L'esistenzialismo è un umanesimo;;
121;Proudhon P.J.;Che cos'è la proprietà;;
122;Engels;L'evoluzione del socialismo dall'utopia alla scienza;;
123;Anderson P.;Il dibattito nel marxismo occidentale;;
124;Anderson P.;Ambiguità di Gramsci;;
125;Trotskij L.;La rivoluzione permanente;;
126;T r o t s k i j L .;Problemi della rivoluzione in Europa;;
127;Le Goff J.;La nuova storia;;
128;Lefevre H.;Lo stato, vol. I;;
129;Lefevre H.;Lo stato, vol. Il;;
130;Lefevre H.;Lo stato, vol. IV;;
131;Marchesi C.;Umanesimo e comunismo;;
132;Le Goff J.;Tempo della chiesa e tempo del mercante;;
133;AA.VV.;Crisi della ragione;;
134;Arlacchi P.;La mafia imprenditrice;;
135;Haller A.;La teoria dei bisogni di Marx;;
136;Rota E. (a cura di);Questioni di storia contemporanea, vol. I;;
137;Rota E. (a cura di);Questioni di storia contemporanea, vol. II;;
138;Rota E. (a cura di);Questioni di storia contemporanea, vol. III;;
139;Rota E. (a cura di);Questioni di storia contemporanea, vol. IV;;
140;Rota E. (a cura di);Questioni di storia medievale;;
141;Rota E. (a cura di);Questioni di storia moderna;;
142;Rota E. (a cura di);Questioni di storiadel Risorgimento e dell’unità d’Italia;;
143;AA.VV.;Lettere di condannati a morte della resistenza europea;;
144;AA.VV.;Lettere di condannati a morte della resistenza europea;;
145;AA.VV.;Lettere di condannati a morte della resistenza europea;;
146;Pisacane C.;Saggio su “La rivoluzione”;;
147;Omodeo A.;Momenti della vita di guerra;;
148;Omodeo A.;Momenti della vita di guerra;;
149;Eyck E.;Bismarck;;
150;Huizinga J.;Homo ludens;;
151;Casalegno C.;La regina Margherita;;
152;Turati- Kuliscioff;Carteggio (maggio 1898-giugno 1899);;
153;Turati- Kuliscioff;Carteggio (maggio 1898-giugno 1899);;
154;Daloria V.;Custer è morto per i vostri peccati;;
155;Castro Ruz F.;Cuba 1969-Anno dello sforzo decisivo;;
156;AA.VV.;La svolta Vechi;;
157;Keller W.;La Bibbia aveva ragione;;
158;AA.VV.;Terra nuova sotto la stella rossa;;
159;Saitta G.;L’Umanesimo, vol.I;;
160;Saitta G.;Il Rinascimento, vol.II;;
161;Saitta G.;Il Rinascimento, vol.III;;
162;Ferrarotti F.;Sindacati e potere negli USA;;
163;Doria G.;Mondo vecchio e mondo nuovo;;
164;Candeloro G.;Storia dell’Italia moderna (1700-1860), vol. I;;
165;Candeloro G.;Storia dell’Italia moderna (1700-1860), vol. II;;
166;Candeloro G.;Storia dell’Italia moderna (1700-1860), vol. IV;;
167;De Sanctis F. ;Il Mezzogiorno e lo statounitario;;
168;Holbern H.;Storia della Germania moderna;;
169;Bianciardi L.;Da Quarto a Volturno- Breve storia della spedizione dei Mille;;
170;Fortunato G.;Il Mezzogiorno e lo stato italiano, vol. I;;
171;Fortunato G.;Il Mezzogiorno e lo stato italiano, vol. II;;
172;Fortunato G.;Il Mezzogiorno e lo stato italiano, vol. I;;
173;Fortunato G.;Il Mezzogiorno e lo stato italiano, vol. II;;
174;Villari R.;Storia dell'Europa contemporanea;;
175;Villari R.;Storia dell'Europa contemporanea;;
176;Villari R.;Storia dell'Europa contemporanea;;
177;Lichtheim G.;L'Europa del '900 - Storia e cultura;;
178;Varga E.;La crisi del capitalismo;;
179;Schumpeter J.;Storia dell'analisi economica;;
180;Schumpeter J.;Storia dell'analisi economica;;
181;Cortesi L.;Il socialismo italiano tra riforme e rivoluzione ( 1892-1921 );;
182;AA.VV.;Contestazione a Varsavia;;
183;Gerschenkron A.;Lo sviluppo industriale in Europa e in Russia;;
184;Tullio R.;Studi su Roma antica;;
185;B e a t o n - M a d d o x;La diffusione delle armi nucleari;;
186;B e a t o n - M a d d o x;La diffusione delle armi nucleari;;
187;Sturzo L.;L'Italia e l'ordine internazionale;;
188;Lefebvre G.;La storiografia moderna;;
189;Vinciguerra M.;Destino dell'occidente;;
190;Talamo (a cura di) ;Gli ideali del Risorgimento e dell'unità;;
191;Olivi B.;L'Europa difficile;;
192;Gambino;Le conseguenze della II guerra mondiale;;
193;Sweezy P.;Il presente come storia;;
194;M o v . S t u d e n t e s c o ;D o c u m e n t i della rivolta universitaria;;
195;M o v . S t u d e n t e s c o ;D o c u m e n t i della rivolta universitaria;;
196;Dorso G.;La rivoluzione meridionale;;
197;Dorso G.;La rivoluzione meridionale;;
198;Malcom   X;Ultimi discorsi;;
199;Malcom   X;Ultimi discorsi;;
200;Boffito (a cura di);Socialismo e mercato in Jugoslavia;;
201;Robinson J. ;La rivoluzione culturale in Cina;;
202;Morandi R.;Storia della grande industria;;
203;Sartre J.P.;La Grecia dei colonnelli;;
204;Hales E.;La rivoluzione di papa Giovanni;;
205;Portantiero J.C.;Studenti e rivoluzione nell'America Latina;;
206;Mack Smith D.;Cavour e Garibaldi nel 1860, vol. I;;
207;Mack Smith D.;Cavour e Garibaldi nel 1860, vol. II;;
208;AA.VV.;Ventesimo secolo, industrializzazione, imperialismo, rivol. politiche e sociali. Terzo mondo;;
209;Mommsen T.;Storia di Roma, vol. I;;
210;Mommsen T.;Storia di Roma, vol. II;;
211;Perticone G.;L'Italia contemporanea;;
212;Zavoli S.;Nascita di una dittatura;;
213;Alatri P.;Le origini del fascismo;;
214;Perroy H.;Europa e Terzo mondo;;
215;Dawson C.;La nascita dell'Europa;;
216;;Storia universale degli ultimi 100 anni;;
217;Burckhardt C.;Richelieu;;
218;Groethuysen B. ;Origini dello spirito borghese in Francia ;;
219;Mathiez A.;La reazione termidoriana;;
220;Tarle E.;La vita economica dell'Italia nell'età napoleonica;;
221;Jemolo C.;Chiesa e stato in Italia negli ultimi 100 anni;;
222;Pepe G.;Il medioevo barbarico d'Italia;;
223;Childe G.;Il progresso nel mondo antico;;
224;Omodeo A.;Difesa del Risorgimento;;
225;Shirer W.;Storia del III Reich, vol. I;;
226;Shirer W.;Storia del III Reich, vol. II;;
227;Barile   e altri;Corso di diritto: principi generali, vol. I;;
228;Barile   e altri;Corso di diritto: diritto pubblico e commercial, vol. Il;;
229;Moravia S.;Levi Strauss e l'antropologia strutturale;;
230;Croce B.;Etica e politica;;
231;Nietzsche F.;La nascita della tragedia;;
232;Kohn H.;Ideologie politiche del XX secolo;;
233;Carr E.;La rivoluzione bolscevica ( 1 9 1 7-1 923);;
234;Battaglia R.;La prima guerra d'Africa;;
235;Salvemini G.;Magnati e popolani in Firenze dal 1 280 al 1291;;
236;N e v i n s - C o m m a g e r;Storia degli Stati Uniti;;
237;Hauser-Renaudet;L'età del Rinascimento e della Riforma;;
238;Shirer W.;Storia del III Reich;;
239;Omodeo A.;Difesa del Risorgimento;;
240;Lefebvre G .;La rivoluzione francese;;
241;Omodeo A.;l senso della storia;;
242;Deakin F.;Storia della Repubblica di Salò;;
243;Deakin F.;Storia della Repubblica di Salò;;
244;Thomas H.;Storia della guerra civile spagnola;;
245;Salvatorelli-Mira;Storia d'Italia nel periodo fascista;;
246;Salvatorelli-Mira ;Storia d'Italia nel periodo fascista;;
247;Salvatorelli L.;Sommario della storia d'Italia;;
248;Mantoux P.;La rivoluzione industriale;;
249;Cantimori D.;Studi di storia;;
250;Bloch M.;La società feudale;;
251;Rotellii  E.;L'avvento della ragione in Italia;;
252;Lama  E.;Antologia del Risorgimento italiano;;
253;CECA;Comunità s o p r a n a z i o n a I e;;
254;Soranzo G.;Avviamento agli studi storici;;
255;Gramsci A.;Scritti politici;;
256;Bidera E.;Passeggiata per Napoli e dintorni;;
257;Lacordaire;Il testamento;;
258;Engels-Marx;La sacra famiglia;;
259;Altan C.;Manuale di antropologia culturale;;
260;Galati V.;Religione e politica;;
261;Barbari F.;Profilo storico del libro;;
262;Marx K.;Lavoro salariato e capitale;;
263;Croce B.;Materialismo storico;;
264;Montanelli I.;Italia giacobina e carbonara;;
265;Montanelli I.;Italia dei notabili;;
266;Montanelli I.;L’Italia del Risorgimento;;
267;Montanelli I.;Dante e il suo secolo;;
268;Montanelli I.;Storia dei Greci;;
269;Montanelli - Gervaso;L’Italia dei Comuni;;
270;Montanelli - Gervaso;L’Italia dei Comuni;;
271;Gervaso R.;Cagliostro;;
272;Montanelli - Nozza;Garibaldi;;
273;Montanelli - Gervaso;L’Italia nei secoli bui;;
274;Montanelli - Gervaso;L’Italia nei secoli d’oro;;
275;Montanelli - Gervaso;L’Italia della controriforma;;
276;Montanelli - Gervaso;L’Italia della controriforma;;
277;Montanelli - Gervaso;L’Italia del Seicento;;
278;Tronti M.;Operai e capitale;;
279;Taylor A.;L’Europa delle grandi potenze- Da Metternich a Lenin;;
280;Frankel P.;Petrolio e potere: E. Mattei;;
281;Levi M.A.;L’Italia antica;;
282;Zangrandi R.;1943: 25 luglio-8 settembre;;
283;Fanfani A.;Storia economica, vol.I;;
284;Fanfani A.;Storia economica, vol.II;;
285;Giudice G.;Mussolini;;
386;De Caro G.;Salvemini;;
287;Valeri N.;Giolitti;;
288;De Felice R.;Mussolini il Duce;;
289;De Felice R.;Mussolini il Duce;;
290;De Felice R.;Mussolini il Duce (1929-1936);;
291;De Felice R.;Mussolini il fascista (1925-1929);;
292;De Felice R.;Mussolini il fascista (1921-1925);;
293;De Felice R.;Mussolini il rivoluzionario;;
294;De Felice R.;Mussolini il fascista, vol.I: la conquista del potere;;
295;De Sanctis G.;Storia dei Romani;;
296;De Sanctis G.;La conquista del primato in Italia;;
297;De Sanctis G.;La conquista del primato in Italia;;
298;De Sanctis G.;L’età delle guerre puniche, vol.III-1;;
299;De Sanctis G.;L’età delle guerre puniche, vol.III-2;;
300;De Sanctis G.;Dalla battaglia di Naragarra alla caduta di Numanzia, vol. IV-1;;
301;De Sanctis G.;Dalla battaglia di Naragarra alla caduta di Numanzia, vol. IV-2;;
302;De Sanctis G.;Dalla battaglia di Naragarra alla caduta di Numanzia, vol. IV-3;;
303;Romano S.;L’Italia del ‘900, vol.I;;
304;Romano S.;L’Italia del ‘900, vol.II;;
305;Pietromarchi L.;Il mondo sovietico;;
306;Duprè Theseider E. ;Roma dalla comune di popolo alla signoria pontificia ( 1252-1 377)  ;;
307;B o n i f a z i - P e ll e g r i n o;Generazione 2000;;
308;Benvenuti M.;La scelta della società;;
309;Brezzi P.;L'urto delle civiltà nell'alto medioevo;;
310;Rossi P.;Storia d'Italia (476-1500);;
311;Gramsci A.;La costruzione del PC 1923- 1926;;
312;Collotti Pischel E.;Storia della rivoluzione cinese;;
313;Fé F. ;Sartre e il comunismo;;
314;Coen R.;R.Cousinet e la scuola come tirocinio di vita;;
315;Broccoli A.;A.Gramsci e l'educazione come egemonia;;
316;Bowen J.;A.S. Makarenko e lo sperimentalismo sovietico;;
317;Bernardini A.;Un anno a Pietralata;;
318;Fisher H.;Storia d'Europa , vol.  I;;
319;Fisher H.;Storia d'Europa , vol.  II;;
320;Fisher H.;Storia d'Europa , vol.  III;;
321;Salvemini G.;La rivoluzione francese;;
322;Davis B.;Il problema della schiavitù nella cultura occidentale;;
323;Omodeo A.;Difesa del Risorgimento;;
324;Granet M.;La civiltà cinese antica;;
325;Maranini G.;Storia del potere in Italia ( 1848-1967);;
326;Olivetti C.;Servizi ed assistenza sociale di fabbrica;;
327;Olivetti C.;Servizi ed assistenza sociale di fabbrica;;
328;Sargant F.;L'industria e lo stato;;
329;Arfé G.;Storia del socialismo italiano;;
330;Arfé G.;Storia del socialismo italiano;;
331;Lynd R.  e H.;M i d d I e t o w n , vol. I;;
332;Lynd R.  e H.;M i d d I e t o w n , vol. Il;;
333;Park e altri;La città;;
334;Sorokin P.;La mobilità sociale;;
335;Tasca A.;Nascita e avvento del fascismo;;
336;D ' A g o s t i n i - F o r t i;II sole è sorto a Roma - settembre 1943;;
337;Miller R.;Hammarshjold e le crisi internazionali;;
338;von Ranke L.;Storia dei papi;;
339;Catalano F.;Stato e società nei secoli, vol. III: L'età contemporanea (1815-1915);;
340;Bracher K.;La dittatura tedesca;;
341;Schnabel F.;Storia religiosa della Germania nell'800;;
342;Rodolico N.;Saggi di storia medievale e moderna;;
343;Goldschmidt B.;Le rivalità atomiche;;
344;Passerini A.;Questioni di storia antica;;
345;Candeloro G.;Storia d'Italia moderna, vol. III: La rivoluzione nazionale 1849;;
346;Candeloro G.;Storia d'Italia moderna, vol. VI: Lo sviluppo del capitalismo e del movimento operaio;;
347;Candeloro G.;Storia d'Italia moderna, voi. VII: La crisi di secolo e l'età giolittiana 1914;;
348;Volpe G .;L'Italia moderna, vol. I;;
349;Volpe G .;L'Italia moderna, vol. Il;;
350;Volpe G .;L'Italia moderna, vol. IlI;;
351;Toland J.;Gli ultimi 100 giorni;;
352;Gramsci A.;Lettere dal carcere;;
353;Catalano F.;Storia del comitato di liberazione nazionale dell'Alta Italia;;
354;Ghirelli A. ;Storia di Napoli;;
355;Rosselli C.;Socialismo liberale;;
356;AA.VV.;Russia;;
357;Therborn G.;Scienza, classi e società: uno studio sui classici della sociologia e sul pensiero di Marx;;
358;Pasqualini-Saccenti;Due Risorgimenti (1796-1947);;
359;Jedin H.;Il concilio di Trento II;;
360;Lodolini A.;Le Repubbliche del mare;;
361;Faldella E.;Due guerre mondiali;;
362;De Vergottini G.;Lineamenti storici della costituzione  politica dell’Istria durante il Medioevo;;
363;Caruso S.;Burocrazia e capitale in Italia;;
364;Lesourd-Gerard;Storia economica dell’800 e ‘900;;
365;Rossini G. (a cura di);Modernismo, fascismo, comunismo;;
366;Roncaglia;L'economia del petrolio;;
367;Pasquino G.;Militari e potere in America Latina;;
368;Sorensen T.;Come si decide alla Casa Bianca;;
369;Woolf S.;Il fascismo in Europa;;
370;Woolf S.;Il fascismo in Europa;;
371;Woolf S.;Il fascismo in Europa;;
372;Boffito C.;Corso elementare di economia politica;;
373;Verger J.;Le Università del Medioevo;;
374;Reichlt H.;La struttura logica del capital in Marx;;
375;Provasi G.;Borghesia industriale e democrazia cristiana ;;
376;AA.VV.;La ricostruzione nella grande industria;;
377;Accornero A.;Gli anni 70 del Mezzogiorno;;
378;Valjavec F.;Storia dell'Illuminismo;;
379;Tannenbaum  E.;L'esperienza fascista in Italia;;
380;Tannenbaum  E.;L'esperienza fascista in Italia;;
381;Marx- Engels;La concezione materialistica della storia;;
382;Marx K.;Salario, prezzo e profitto;;
383;Lichtheim G.;Le origini del socialismo;;
384;Canosa- Federico;La magistratura in Italia dal 1945 ad oggi;;
385;Biondi D.;La fabbrica del duce;;
386;Biondi D.;La fabbrica del duce;;
387;Orso G.;La rivoluzione meridionale;;
388;B a g I i o n i G .;L'ideologia della borghesia industriale nell’ Italia iberale;;
389;Galante Garrone;A. Filippo Buonarroti e i rivoluzionari dell'800;;
390;Chabod F.;L'Italia contemporanea ( 1 9 1 8-1 948);;
391;J e m o I o A.C.;Chiesa e stato in Italia negli ultimi cent'anni;;
392;Pepe G.;Il medioevo barbarico in Italia;;
393;Gordon Childe V.;Il progresso nel mondo antico;;
394;C o llotti E .;La Germania nazista;;
395;Giordani I.;La città murata;;
396;Leslie (a cura);Uomo e «mito nelle società primitive;;
397;AA.VV.;I fasci siciliani: Nuovi contributi a una ricostruzione, vol. I;;
398;AA.VV.;I fasci siciliani: La crisi italiana di fine secolo, vol. II;;
399;AA.VV.;Il nazionalismo in Italia e in Germania fino alla  prima guerra mondiale;;
400;Che Guevara E. ;Scritti, discorsi e diari di guerriglia;;
401;Selva G.;Brandt e l'Ostpolitik;;
402;C e c h J .;"Praga 1968 - Le idee del ""nuovo corso""";;
403;B a r i é 0 .;Problemi storici della civiltà europea;;
404;Vannucci A.;II martiri della libertà italiana;;
405;Verri P.;Osservazioni sulla tortura;;
406;C u s i n F .;Antistoria d'Italia;;
407;Tagliamonte F.;Un'occasione per l'Europa;;
408;Homo L.;Le istituzioni politiche romane;;
409;Scoppola (a cura di);Dal neoguelfismo alla democrazia cristiana;;
410;Monicelli M.;L'ultrasinistra in Italia;;
411;Briamonte N.;La vita e il pensiero di E. Curiel;;
412;Nietzsche F.;Il caso Wagner;;
413;Meinecke F.;Le origini dello storicismo;;
414;Hei ler F .;Storia delle religioni, voi. I;;
415;Hei ler F .;Storia delle religioni, voi. Il;;
416;Kierlegaard S.;Esercizio del cristianesimo;;
417;Rossi P .;Storia d'Italia, voi. I;;
418;Rossi P .;Storia d'Italia, voi. Il;;
419;Rossi P .;Storia d'Italia, voi. Ili;;
420;Ricciotti G.;Storia d'Israele, voi. I;;
421;Ricciotti G.;Storia d'Israele, voi. Il;;
422;Michel H .;La guerra dell'ombra;;
423;Boccolari G.;La repubblica cisalpina;;
424;Farinelli I.;Vita civile in Lombardia alla fine del '700;;
425;Barlozzini G.;Vita civile a Napoli alla fine del '700;;
426;Farinelli I.;Vita civile in Emilia tra il '700 e l'800;;
427;Piccioni A.;La repubblica romana del 1 798-99;;
428;Migliori F .;Testimonianze di vita romana dell'800;;
429;Pino A.;La repubblica partenopea;;
430;Ciuffoletti Z.;Il regno italico;;
431;Zampone G.;La restaurazione in Italia;;
432;De Vivo M.;I moti di Napoli e di Palermo del 1820-1821;;
433;Ricuperati G.;I moti piemontesi del 1821;;
434;Faggioni P.E.;I moti carbonari del 1831;;
435;Francovich C.;La Lombardia del 1848;;
436;Migliori F.;Roma nel  1848-1849;;
437;Ottino C.;Venezia nel  1849- 1918;;
438;Cerrito G.;Le origini del movimento operaio in Italia;;
439;Cerrito G.;Le origini del movimento operaio in Italia ;;
440;Bertolissi S.;La politica interna di Cavour;;
441;Fabbri F.;L'età giolittiana;;
442;Tartaglini G. e G.  ;Da Aspromonte a Porta Pia;;
443;Ronconi E.;L'impresa dei Mille;;
444;Ronconi E.;L'impresa dei Mille;;
445;Piccioni A.;La guerra del 1859;;
446;Piccioni A.;Il brigantaggio;;
447;Piccioni A.;Il brigantaggio;;
448;Bertolissi S.;La guerra del 1866;;
449;D'Agostino G.;L'Italia in Africa:  1869-1896;;
450;Valentini G.;La sinistra al governo ( 1876-1887);;
451;Fabbri F.;I moti del  1898;;
452;Ganci M.;La guerra di Libia (1911-1912) ;;
453;Ronconi E.;1914-1915: intervento o neutralità?;;
454;Ronconi E.;Il 1918: da Caporetto a Trento e Trieste;;
455;Di Donato R.;Da Vittorio Veneto alla marcia su Roma ;;
456;Antonicelli F.;Il fascismo al potere ( 1 922-1926);;
457;Francovich - V e r n i;La resistenza a Firenze;;
458;Striano E.;Le quattro giornate di Napoli;;
459;Piccioni S.;Roma 1944: le Fosse Ardeatine;;
460;F r a n c o v i c h - d i Benedetto;I giorni della libertà: aprile del '45;;
461;Piccioni S.;1 946: monarchia o repubblica?;;
462;Charlesworth M.  ;Rivoluzione in prospettiva;;
463;Visser W.;La cultura del nostro occidente;;
464;A n d r e u c c i - D e tt i  ;II movimento operaio italiano;;
465;Einaudi L.;Lo scrittoio del presidente;;
466;Mayer A.;Il leninismo;;
467;Burdeau G.;Il regime parlamentare nelle costituzioni europee del dopoguerra;;
468;Galli G.;Il difficile governo;;
469;Joll J.;Cento anni d'Europa 1870-1970;;
470;Taylor A.;Storia dell'Inghilterra contemporanea;;
471;Gallo Max;Storia della Spagna franchista;;
472;Carocci G.;La politica estera dell'Italia fascista  (1925- 1928) ;;
473;Reiman M.;La rivoluzione russa dal 23 febb. al 25 ott.;;
474;Reiman M.;La rivoluzione russa dal 23 febb. al 25 ott.;;
475;Joll J.;Cento anni d'Europa 1870-1970;;
476;Castronovo- Tranfaglia;La stampa italiana nell’età fascista;;
477;Castronovo- Tranfaglia;La stampa italiana nell’età liberale;;
478;Castronovo- Tranfaglia;La stampa italiana nel Risorgimento;;
479;Gramsci A.;Quaderni dal carcere;;
480;Gramsci A.;Quaderni dal carcere;;
481;Gramsci A.;Quaderni dal carcere;;
482;Gramsci A.;Quaderni dal carcere;;
483;Gramsci A.;Lettere dal carcere;;
484;Gramsci A.;Socialismo e fascismo;;
485;Gramsci A.;Sotto la Mole;;
486;Gramsci A.;L’ordine nuovo;;
487;AA.VV.;Gramsci e la cultura contemporanea, vol.I;;
488;AA.VV.;Gramsci e la cultura contemporanea, vol.II;;
489;Buci- Glucksmann;Gramsci e lo stato;;
490;Tamburrano G.;A.    Gramsci;;
491;Macicchi A.;Per  Gramsci;;
492;Spriano P.;Gramsci e Gobetti;;
493;Salvadori M.;Gramsci e il problema storico della democrazia;;
494;Dobb M.;Economia politica e capitalismo;;
495;AA.VV.;La teoria dello sviluppo capitalistico;;
496;Galbraith J.;La società opulenta;;
497;Galbraith J.;La società opulenta;;
498;Villari R.;Storia medievale;;
499;Magistrati M.;Il prologo del dramma;;
500;Araldi V.;Camicie nere a Montecitorio;;
501;Procacci G.;Storia degli italiani vol.I;;
502;Procacci G.;Storia degli italiani vol.II;;
503;Procacci G.;Storia degli italiani vol.I;;
504;Procacci G.;Storia degli italiani vol.II;;
505;Williams W.;Storia degli Stati Uniti, vol. I;;
506;Williams W.;Storia degli Stati Uniti, vol. II;;
507;Williams W.;Storia degli Stati Uniti, vol. I;;
508;Williams W.;Storia degli Stati Uniti, vol. II;;
509;De Rosa G.;Il movimento cattolico in Italia;;
510;De Rosa G.;Il partito popolare in Italia;;
511;Baldry H.;I Greci a Teatro;;
512;Moore G.F.;L’islamismo;;
513;Moore G.F.;Il Cristianesimo;;
514;Villani P.;Mezzogiorno tra riforme e rivoluzione;;
515;Villani P.;Mezzogiorno tra riforme e rivoluzione;;
516;Manacorda G.;Il sociallismo nella storia d'Italia, vol. I;;
517;Manacorda G.;Il sociallismo nella storia d'Italia, vol. Il;;
518;Mack Smith D.;Storia della Sicilia medievale e moderna, vol. I;;
519;Mack Smith D.;Storia della Sicilia medievale e moderna, vol. II;;
520;Mack Smith D.;Storia della Sicilia medievale e moderna, vol. III;;
521;Mack Smith D.;Garibaldi;;
522;Ferrarotti F.;La sociologia del potere;;
523;Ferrarotti F.;La sociologia del potere;;
524;Mosca G.;La classe politica;;
525;Soboul A.;La rivoluzione francese, vol. I;;
526;Soboul A.;La rivoluzione francese, vol. II;;
527;Romeo R.;Risorgimento e capitalismo;;
528;Chabod F.;Storia dell'idea d'Europa;;
529;Pirenne H.;Le città del Medioevo;;
530;Pirenne H.;Le città del Medioevo;;
531;Fichtenau (von) H.;L'impero carolingio;;
532;Chabod F.;Storia dell'idea d'Europa;;
533;Villari R.;Il Sud nella storia d'Italia, vol. I;;
534;Villari R.;Il Sud nella storia d'Italia, vol. II;;
535;Villari R.;Il Sud nella storia d'Italia, vol. I;;
536;Villari R.;Il Sud nella storia d'Italia, vol. II;;
537;Cole G.;Storia del pensiero socialista, vol. III;;
538;Cole G.;Storia del pensiero socialista, vol. V;;
539;Violante C.;La società milanese nell'età precomunale;;
540;;;;
541;Manacorda G.;Il socialismo nella storia d'Italia, vol. I;;
542;Manacorda G.;Il socialismo nella storia d'Italia, vol. Il;;
543;Romeo R.;Risorgimento e capitalismo;;
544;Sereni E.;Storia del paesaggio agrario italiano;;
545;Codino (a cura di);Miti greci e romani;;
546;Bocca G.;Storia dell'Italia partigiana;;
547;Bocca G.;Storia dell'Italia partigiana;;
548;Korsch K.;Il materialismo storico;;
549;De Rosa G.;Il partito popolare italiano;;
550;De Rosa G.;Il movimento cattolico in Italia;;
551;Barraclough G.;Guida alla storia contemporanea;;
552;Daahremdorf R.;Classi e conflitto di classe nella società;;
553;Chabod F.;Storia dell'idea d'Europa ;;
554;Heine H.;Rendiconto parigino;;
555;Ashton T.S.;La rivoluzione industriale 1770-1830;;
556;;;;
557;Mack Smith D.;Storia d'Italia ( 1861 -1969);;
558;Mack Smith D.;Storia d'Italia ( 1861 -1969);;
559;Heine H.;La Germania;;
560;Villari L.;Il Capitalismo italiano del '900, vol. I;;
561;Villari L.;Il Capitalismo italiano del '900, vol. II;;
562;Romeo R.;Il Risorgimento in Sicilia;;
563;Villari R.;Storia d'Europa contemporanea, vol. I;;
564;Villari R.;Storia d'Europa contemporanea, vol. Il;;
565;Villari R.;Mezzogiorno e democrazia ;;
566;Habermas J.;Teoria e prassi nella società tecnologica ;;
567;Ampolo C.;La città antica;;
568;Havelock E.;Arte e comunicazione nel mondo antico;;
569;Duby G.;L'economia rurale nell'Europa medieval e origini dell’economia europea;;
570;Duby G.;L'economia rurale nell'Europa medieval e origini dell’economia europea;;
571;Chesneaux- Bastid ;La Cina, vol. I;;
572;Chesneaux- Bastid;La Cina, vol. I;;
573;Chesneaux- Bastid;La Cina, vol. II;;
574;Chesneaux- Bastid;La Cina, vol. I;;
575;Chesneaux- Bastid;La Cina, vol. II;;
576;Chesneaux- Bastid;La Cina, vol. I;;
577;Chesneaux- Bastid;La Cina, vol. II;;
578;Chesneaux- Bastid;La Cina, vol. I;;
579;Chesneaux- Bastid;La Cina, vol. II;;
580;Baglioni G.;L'ideologia della borghesia industriale;;
581;Baglioni G.;L'ideologia della borghesia industriale;;
582;Baglioni G.;L'ideologia della borghesia industriale;;
583;Baglioni G.;L'ideologia della borghesia industriale;;
584;Collotti E.;La Germania nazista;;
585;Collotti E.;La Germania nazista;;
586;Montagù M.;La razza;;
587;Giorgetti G.;Contadini e proprietari nell’Italia moderna;;
588;Giorgetti G.;Contadini e proprietari nell’Italia moderna;;
589;Giorgetti G.;Contadini e proprietari nell’Italia moderna;;
590;Giorgetti G.;Contadini e proprietari nell’Italia moderna;;
591;Venturi F .;Le origini dell’enciclopedia;;
592;Spini G.;Storia dell'età moderna, vol. I;;
593;Spini G.;Storia dell'età moderna, vol. II;;
594;Graziano- Tarrow;La crisi italiana , vol.I;;
595;Graziano- Tarrow;La crisi italiana, vol. II;;
596;Venturi F .;Il populismo russo, vol.I;;
597;Venturi F .;Il populismo russo, vol.II;;
598;Venturi F .;Il populismo russo, vol.III;;
599;Venturi F .;Il populismo russo, vol.  IV;;
600;Salvatorelli L.;Pensiero e azione del Risorgimento;;
601;Salvatorelli L.;Pensiero e azione del Risorgimento;;
602;Salvatorelli L.;Pensiero e azione del Risorgimento;;
603;Shaver Clemens B.;Yalta;;
604;Pieri P.;L’Italia nella I Guerra mondiale;;
605;Pieri P.;L’Italia nella I Guerra mondiale;;
606;Rosselli N.;Mazzini e Bakunin;;
607;Singer C.;Breve storia del pensiero scientifico;;
608;Papagno G.;Colonialismo e feudalesimo;;
609;Warmington B.;Storia di Cartagine;;
610;Davidson B.;Madre nera;;
611;Kula W.;Teoria economica del sistema feudale;;
612;Battaglia R.;Storia della resistenza italiana;;
613;Battaglia R.;Storia della resistenza italiana;;
614;Sereni E.;Il capitalismo nelle campagne;;
615;Sereni E.;Il capitalismo nelle campagne;;
616;Pietranera G.;Capitalismo ed economia;;
617;Sof ri G .;Il modo di produzione asiatico;;
618;B r a u d e I F .;Le civiltà europee;;
619;B r a u d e I F .;Le civiltà europee;;
620;r o w n P .;Il mondo tardo antico;;
621;Sereni E.;La questione agiraria nella rinascita nazionale italiana;;
622;Caracciolo A.;L'inchiesta agraria Jacini;;
623;Kula W.;Teoria economica del sistema feudale;;
624;Salvadori M.;Gaetano Salvemini;;
625;Salvadori M.;Gaetano Salvemini;;
626;Michel A.;Tacito e il destino dell'impero;;
627;Mallet S.;La nuova classe operaia;;
628;Hill C .;Lenin e la rivoluzione russa;;
629;Hill C .;Lenin e la rivoluzione russa;;
630;Hobsbawm E.;La rivoluzione industriale;;
631;De Clementi A.;Amedeo Bordiga;;
632;Vi I lari L.;L'economia della crisi;;
633;I s n e n g h i M .;Intellettuali militanti e intellettuali funzionari;;
634;Quazza e altri;Fascismo e società italiana;;
635;Chi Ch'Ao Ting;Le zone economiche chiave nella storia della Cina;;
636;Beasley WG.;Storia del Giappone moderno;;
637;Hobbawn E.;I banditi;;
638;Hobbawn E.;I rivoluzionari;;
639;S p r i a n o P .;L'occupazione delle fabbriche;;
640;Bloch M.;I caratteri originali della storia rurale francese;;
641;Bloch M.;I caratteri originali della storia rurale francese;;
642;Ginzburg C.;I benandanti;;
643;Dobb M.;I salari;;
644;Lukacs G.;Il marxismo e la crìtica letteraria;;
645;L u k a c s G .;Il marxismo e la critica letteraria;;
646;Lenin;L'imperialismo;;
647;Lenin;L'estremismo: malattia infantile del comunismo;;
648;Lenin;Stato e rivoluzione;;
649;Cannistraro P.;La fabbrica del consumo: fascismo e mass-medi;;
650;Dorso G .;La rivoluzione meridionale;;
651;Maffey A.;L'idea di stato nell'illuminismo francese;;
652;Antonucci (a cura di);L’età della controriforma in Italia;;
653;Papi F .;Ideologie nella rivoluzione industriale;;
654;Zangrandi R.;L'Italia tradita;;
655;Zangrandi R.;L'Italia tradita;;
656;Moravia A.;La rivoluzione culturale inCina;;
657;Moravia A.;La rivoluzione culturale inCina;;
658;AA.VV.;Quaderni di storia     anni 1 975/76   n. 1;;
659;AA.VV.;Quaderni di storia     anni 1 975/76   n. 2;;
660;AA.VV.;Quaderni d t- storia     anni 1 975/76   n. 3;;
661;AA.VV.;Quaderni di storia     anni 1 975/76   n. 4;;
662;Bettelheim C.;Le lotte di classe in URSS: 1917-1923;;
663;Bettelheim C.;Le lotte di classe in URSS: 1917-1923;;
664;Giordani I.;Montalambert;;
665;Car ella  D.;Fascismo prima, fascismo dopo;;
666;Salvadori M.;Il mito del buongoverno;;
667;Volpe G .;Movimenti religiosi e sette ereticali;;
668;Ranchetti F .;La formazione della scienza economica;;
669;Maggi (a cura);Ideologie e teorie del decollo c a p i t a a I i s t i c o nelle campagne;;
670;Montani G .;La  teoria economica classica;;
671;Galbraith J.K.;Il nuovo stato industriale;;
672;F a I z o n e G .;Storia della mafia;;
673;Ronchey A.;La crisi americana;;
674;C utrufelli  M.;Unità d'Italia - guerra contadina e nascita del sottosviluppo;;
675;A A . V V .;Germania 1980;;
676;G o r r i e r i F .;La giungla retributiva;;
677;Gozzi G .;Linguaggio, stato, lavoro;;
678;Luhmann e altri;La trasformazione dello stato;;
679;Bedeschi L.;Don Minzoni;;
680;Peyret H .;La guerra delle materie prime;;
681;N o g a r o B .;I grandi problemi dell'economia contemporanea;;
682;Palewski J.P.;L'organizzazione scientifica del lavoro;;
683;Thevenin R.;I paesi leggendari;;
684;Malan (a cura di);Kindu - Nuova pagina di gloria dell'aeronautica militare italiana;;
685;Volpe G .;F . C r i s p i;;
686;Solzenitsin-Sakharov;Documenti;;
687;Fromentin P.;Gli uomini e la preistoria;;
688;Battisti C .;Epistolario, voi. I;;
689;Battisti C .;Epistolario, voi. Il;;
690;Linz J.J .;La caduta dei regimi democratici;;
691;Catalano F .;Fascismo e piccola borghesia;;
692;R e e d J .;10 giorni che sconvolsero il mondo;;
693;Bollini A.;Geografia economica dell'Italie d'oggi;;
694;Napoleoni G.;Smith-Ricardo-Marx;;
695;S wa n n D .;L'economia del MEC;;
696;BertinG. Y.;Le multinazionali;;
697;Valli V.;Il sistema economico americano 1945- 1977;;
698;Romano S .;La Francia dal 1 870 ai giorni nostri;;
699;L e w i n M .;Economia e politica nella società sovietica;;
700;Isnenghi (a cura);La DC dal fascismo al 18 aprile;;
701;Villari R.;Storia moderna;;
702;T u r o n e S .;Storia del sindacato in Italia 1943-1969;;
703;Silvestri S .;Finanziamento, infrastrutture e armamenti della NATO;;
704;Tosi M .;La società urbana nell'analisi del romanzo;;
705;Trotskij L.;Il giovane Lenin;;
706;P’Eng P’ai;Il movimento contadino a Hai Feng;;
707;Salvatorelli M.;Storia dell'Italia nel periodo fascista, voi. I;;
708;Salvatorelli M.;Storia dell'Italia nel periodo fascista, voi. Il;;
709;Karol K. S.;La seconda rivoluzione cinese;;
710;Renda F .;Il movimento contadino in Sicilia;;
711;M a s e ll a L .;Passato e presente nel dibattito storiografico;;
712;Fistetti F .;Critica dell'economia e critica della politica;;
713;Kracauer S.;Saggi di sociologia critica;;
714;R i ca rd o D.;Saggi sul valore;;
715;Lay-Pesante;Produttori senza democrazia;;
716;Collotti e altri;L'Italia nell'Europa danubiana durante la II guerra mondiale;;
717;Catalano F .;L'economia italiana di guerra 1 935-1 943;;
718;L e g n a n i M .;Politica e amministrazione nelle repubbliche partigiane;;
719;Rossi P;Max Weber - Razionalità e razionalizzazione;;
720;Gerosa (a cura di);Churchill;;
721;Rizzani (a cura di);De G a ull e;;
722;Ronza (a cura di);Gandhi;;
723;Mezzanotte (a cura di);Giovanni XXIII;;
724;Margotta (a cura di);Roosewelt;;
725;Paltrinieri (a cura di);Lenin;;
726;Rizzoni (a cura);Franco;;
727;Marchetti-Marks;CIA culto e mistica del servizio;;
728;Galgano F .;Le istituzioni dell'economia capitalistica;;
729;Ricci-Salierno;Il carcere in Italia;;
730;Montgomery D.;Rapporti di classe nell'America dal primo '90C;;
731;Bucharin N.;Le vie della rivoluzione;;
732;A A . V V .;L'indagine sociale nell'unificazione italiana;;
733;Sapelli G.;Fascismo, grande industria e sindacato;;
734;Steinberg H.J.;Il socialismo tedesco da Babel a Kauteky;;
735;AA.VV.;Pagine per l'800 dalla FIOM;;
736;Fini M. (a cura);L'Italia:  1945-1975;;
737;AA.VV.;Crimini di pace;;
738;AA.VV.;Crimini di pace;;
739;Touraine A.;Vita *e morte del Cile popolare;;
740;M y r d a I J .;Rapporto da un villaggio cinese;;
71;Ponce A.;Storia marxista dell'educazione;;
742;Veblen T.;La teoria della classe agiata;;
743;Pare G .;Le italiane si confessano;;
744;Pesce G.;Senza tregua - La guerra dei GAP;;
745;Pesce G.;Senza tregua - La guerra dei GAP;;
746;Pesce G.;Senza tregua - La guerra dei GAP;;
747;M a I co m X;Autobiografia;;
748;Trotzckij L.;Letteratura e rivoluzione;;
749;T r o t z c k i j L .;Letteratura e rivoluzione;;
750;Lenin V.;Che fare ?;;
751;Marx-Engels;Manifesto del partito comunista;;
752;AA.VV.;Lo stato d'Israele;;
753;Rossi M .;Paesi nuovi e politica mondiale;;
754;M e i s t e r A .;La pianificazione rurale in Israele;;
755;El Masry Y.;Il dramma sessuale della donna araba;;
756;R e m p i ce i L .;Prospettiva India;;
757;Koestler-Rolph;La forca in Inghilterra;;
758;T r o t s k i j L .;Guerra e rivoluzione;;
759;Rosenbaum P.;Il nuovo fascismo: da Salò ad Almirante;;
760;Rosenbaum P.;Il nuovo fascismo: da Salò ad Almirante;;
761;Salvatorelli L.;Storia del '900, vol. Il;;
762;Salvatorelli L.;Storia del '900, vol. IlI;;
763;Salvatorelli L.;Storia del '900, vol. IV;;
764;Laviosa Zambotti P.; Origine e diffusione della civiltà;;
765;AA.VV.;L'ingranaggio Europa;;
766;Tomasetta L.;Stratificazioni e classi sociali. Sociologia marxismo;;
767;C h e r m a y e f f - T z o n i s;  La forma dell'ambiente collettivo;;
768;AA.VV.;Storia del marxismo, vol. I;;
769;AA.VV.;Storia del marxismo, vol Il;;
770;AA.VV.;Storia del marxismo, vol. IlI;;
771;Emiliani V.;Gli anarchici;;
772;Luxemburg R.;Scritti politici;;
773;Gregorovius F.;Storia di Roma nel Medioevo, vol. I;;
774;Gregorovius F.;Storia di  Roma nel Medioevo, vol Il;;
775;Gregorovius F.;Storia di Roma nel Medioevo, vol. IlI;;
776;Gregorovius F.;Storia di Roma nel Medioevo, voi. IV;;
777;Gregorovius F.;Storia di Roma nel Medioevo, voi. V;;
778;Gregorovius F.;Storia di Roma nel Medioevo, voi. VI;;
779;Tucidide;La guerra del Pelonneso;;
780;;;;
781;Toniolo (a cura di);Lo sviluppo economico italiano;;
782;Caracciolo (a cura di);La formazione dell’Italia industriale;;
783;D e c I e v a E .;L'Italia e la politica internazionale dal 18;;
784;Ferrarotti F.;Studi e ricerche sul potere;;
785;G o n e ll a G .;Lo spirito europeo;;
786;A I b e r t i n i M .;Il Risorgimento e l'unità europea;;
787;Zadei G.;Il pensiero di Lamennais;;
788;Dorè G.;Savonarola;;
789;B oye r C .;Unità cristiana e movimento ecumenico;;
790;P a v a n P .;La democrazia e le sue ragioni;;
791;D'Eufemia G.;Le costituzioni: La costituzione italiana;;
792;Morando F.;Neocapitalismo e movimento operaio;;
793;Sartori R.;Le partecipazioni economiche dello stato;;
794;S t a m m a t i G .;Sistema fiscalke mercato comune;;
795;C i a n e tt i E .;Problemi attuali della produzione e del consumo;;
796;I m b r i g h i G .;Lineamenti di geografia religiosa;;
797;Moro A.;L'amministrazione della giustizia in Italia;;
798;Rizzo F.;F.S.Nitti e il mezzogiorno;;
799;De Rosa G.;La crisi dello stato liberale in Italia;;
800;Zolli E.;L'ebraismo;;
801;Mura G .;Lenin;;
802;J e d i n H .;La conclusione del concilio di Trento;;
803;Bendiscioli M.;La riforma cattolica;;
804;Bendiscioli M.;La riforma protestante;;
805;Bendiscioli M.;La riforma protestante;;
806;Brezzi P.;Il papato;;
807;Brezzi P.;Realtà e mito dell'Europa;;
808;Anagnine E.;Storia della Russia moderna;;
809;Anagnine E.;Storia della Russia moderna;;
810;Denari G .;La guerra;;
811;Denari G .;La guerra;;
812;Del Vecchio G.;Lo stato;;
813;Del Vecchio G.;Il diritto internazionale e il problema dellapace;;
814;Scoppola P.;Dal neoguelfismo alla democrazia cristiana;;
815;P o I e tt o P .;L'impero di Roma;;
816;Romani D .;I primi cristiani;;
817;M a n z a t i S .;Le magistrature a Roma;;
818;Domino-Santini;I Greci in Italia;;
819;P I u m i d i s G .;La città greca;;
820;Pampaloni L.;Creta tra leggenda e storia;;
821;Tagliolato P.G.;La Bibbia e le scoperte archeologiche;;
822;Pampaloni L.;La valle dei re;;
823;P e n z o C .;Alessandro il Grande;;
824;Ruscitti R.;Socrate;;
825;Mazzola M.L.;La repubblica veneta;;
826;Bertolé Roberti M L.;Tempi della regina Elisabetta;;
827;Gremese G.;Martin Lutero;;
828;TaraborelIi F .;In cerca di terre lontane;;
829;Rambelli PolliniR.;Marco Polo;;
830;C a rd i n A.;Gregorio Magno;;
831;Ghiotto E.;Una città dal feudo alla signoria;;
832;Contaldo Repetto M.  ; Giovanna d'Arco;;
833;Mazzini A.;I Germani;;
834;Malfermoni G.;La vita nel castello;;
835;David G .;In un convento benedettino;;
836;Curi E .;La lotta contro il dolore;;
837;Reggiani S .;Hiroshima;;
838;S a n d r e ll i S .;La conquista della scienza;;
839;S a n d r e ll i S .;Abbiamo camminato nello spazio;;
840;Procopio M.;Maometto;;
841;Rambelli PolliniR.;Le grandi religioni;;
842;S i c c a r d i S .;L'America contemporanea;;
843;Baldessari G.;La destra storica;;
844;Carpi P .;Le società segrete;;
845;Faggionato G.;Napoleone in Italia;;
846;Baldessari G.;La rivoluzione industriale;;
847;AA.VV.;Il federalismo;;
848;Moggridge D.E.;Guida a Keynes;;
849;F a u c c i R .;L'economia classica;;
850;Gaeta F .;Democrazie e totalitarismi dalla prima alla seconda guerra mondiale;;
851;Offe C.;Ingovernabilità e mutamento delle democrazie;;
852;P o I a n y;Economia primitive, arcaiche e moderne;;
853;Levi L.;Federalismo e integrazione europea;;
854;Cattaneo C .;L'insurrezione di Milano;;
855;L u c a t e ll o E .;Giornalismo a misura dell'uomo;;
856;Needham J.;Scienza e società in Cina;;
857;Tagliamoante F.;Europa, oggi;;
858;Spinosa A.;Come si vive in Italia oggi;;
859;F a I z o n e G .;Il regno di Carlo di Borbone in Sicilia ( 1 734-;;
860;Tomeucci L.;M. d'Azeglio;;
861;Colapietra R.;La lotta politica in Italia dalla liberazione di Roma alla Costituente;;
862;Berselli A.;L’Italia dall’età giolittiana all’avvento del fascismo;;
863;;;;
864;Battaglia-Ramet;Un popolo in lotta;;
865;D a n i e I o u J .;Saggio sul mistero della storia;;
866;Pieropan G.;Ortigara 1917;;
867;AA.VV.;K o n t i n e n t;;
868;F i s h e r H .;Napoleone;;
869;Podelelski G.;Storia dell'economia italiana 1 945-1 974;;
870;Lemmi F .;La politica estera di Carlo Alberto;;
871;Accame S .;La formazione della civiltà mediterranea;;
872;Duverger M.;La sesta repubblica e il regime presidenziale;;
873;Brugmans H.;Panorama del pensiero federalista;;
874;M a r c u m J .;La sfida dell'Africa;;
875;Caprariis-Montale;B . Croce;;
876;G h i rott i G .;Italia mia benché;;
877;Duverger M.;La dittatura;;
878;Lombardini G.;De Gasperi e i cattolici;;
879;Compagna F.;Il Mezzogiorno davanti agli anni 60;;
880;Cipolla C .;Storia economica dell'Europa preindustriale;;
881;Le Goff J .;Intervista sulla storia;;
882;Mola (a cura di);L'età giolittiana;;
883;D e u t s c h e r I.;La rivoluzione incompiuta;;
884;G e r n e t L .;Antropologi a della Grecia antica;;
885;B r a c a I i n i R .;"Il re ""vittorioso""";;
886;Alatri (a cura);Scritti politici di D'Annunzio;;
887;Sabbatucci G.;La stampa del combattentismo;;
888;Bagnasco A.;Tre Italie;;
889;C o llott i E .;L'antifascismo in Italia e in Europa;;
890;AA.VV.;"Istituto ""A.Cervi"" - Annali 3/1981";;
891;Fasano Guarini B.;Potere e società negli stati italiani regionali del ‘500 e ‘600;;
892;Chittolini G.;La crisi degli ordinamenti comunali e le origir dello stato nel Rinascimento;;
893;Brandi (a cura di);I n t e r p r e t a z i n i del Rinascimento;;
894;Capitani 0 .;Medioevo ereticale;;
895;Caracciolo A.;L'età della borghesia e della rivoluzione;;
896;Tenenti A.;La formazione del mondo moderno;;
897;Anderson P.;Lo stato assoluto;;
898;AA.VV.;La stregoneria (diavoli, streghe, inquisitori d'300 al '700);;
899;Devoto G .;Gli antichi italici;;
900;Bloch M.;Signoria francese e maniero inglese;;
901;Dall'Oglio;Il nostro Risorgimento;;
902;R o d o I i c o N .;Storia d'America;;
903;M i I a n - V i g h i;La resistenza al fascismo;;
904;Guidi A.;La civiltà elisabettiana;;
905;Diehl C.;La civiltà bizantina;;
906;M e i I e P .;Storia dell'India;;
907;C h a u n u P .;Storia dell'America Latina;;
908;Grousset R.;Bilancio della storia: Asia;;
909;D roz J .;Storia della Germania;;
910;Marc-Bonnet;Storia degli ordini religiosi;;
911;C a n u J .;Storia degli Stati Uniti;;
912;Pascal P.;Storia della Russia;;
913;AA.VV.;Il manoscritto di Lodz;;
914;AA.VV.;Risposta a Solzenitsyn;;
915;Brezzi P .;Breve storia del Cristianesimo;;
916;Nasr S.;Ideali e realtà dell'Islam;;
917;A v e n a s D .;Economia e politica nel pensiero di Trotskij;;
918;G a r o s c i A .;Vita di Carlo Rosselli, vol. I;;
919;G a r o s c i A .;Vita di Carlo Rosselli, vol. Il;;
920;Rossi P .;Cultura e antropologia;;
921;AA.VV.;Riforma e rivoluzione nella storia contempora;;
922;Romano R.;Tra due crisi: l'Italia del Rinascimento;;
923;Canfora L.;Ideologia del classicismo;;
924;AA.VV.;Accademie scientifiche del '600 – Professioni borghesi;;
925;Romeo R.;Breve storia della grande industria;;
926;Cavallo G .;Libri e lettori nel Medioevo;;
927;Cavallo G.;Libri, ediioroi e pubblico nel mondo antico;;
928;C r a v e r i;Sante e streghe;;
929;Lombardini S.;Rivolte contadine in Europa ( s e c . X V I - X V III);;
930;Capra C .;L'età rivoluzionaria e napoleonica in Italia;;
931;Bendiscioli- Marcocchi;Riforma cattolica-Antologia di documenti;;
932;Hardach G.;La prima guerra mondiale 1914-1918;;
933;T r o t s k i j L .;Storia della rivoluzione russa;;
934;T r o t s k i j L .;Storia della rivoluzione russa;;
935;Saraceno P.;Intervista sulla ricostruzione 1 943-53;;
936;Di Nola A.;Inchiesta sul diavolo;;
937;A u c i e 11 o N .;La ragione politica - Saggio sull'intelletto europeo;;
938;Giugni G .;Società, comunità, educazizone;;
939;Calice N .;Ernesto e Giustino Fortunato;;
940;Merli S .;Fronte antifascista e politica di classe;;
941;Villani-Marrone;Riforma agraria e questione meridionale;;
942;Renda F .;Movimenti di massa e democrazia nella Sicilie del dopoguerra;;
943;D a n e o C .;Breve storia dell'agricoltura;;
944;Natoli e altri;Dopo l'ottobre;;
945;Pieroni Bortolotti;Alle origini del movimento femminile in Italia;;
946;C o u s i n s N .;Disarmo e distruzione;;
947;Runciman S.;I vespri siciliani;;
948;M u r i a I d i P .;La stampa italiana del dopoguerra  1943-1972;;
949;Owen (a cura);Studi sulla teoria dell'imperialismo;;
950;Germani G .;Autoritarismo, fascismo e classi sociali;;
951;Shennan J.H.;Le origini dello stato moderno in Europa;;
952;Rosa M.;Le origini dell'Europa moderna;;
953;;;;
954;;;;
955;;;;
956;Zaccagnini M.;Le scienze sociali: loro interpretazione - il lavoro nel tempo;;
957;A I i m e n M .;Preistoria;;
958;Bengston H.;Greci e persiani;;
959;Grimal P .;L'ellenismo e l'ascesa di Roma;;
960;Grimal P .;La formazione dell'impero romano;;
961;Millar F.;L'impero romano e i popoli limitrofi;;
962;B e r t a u x P .;Africa - Dalla preistoria agli stati attuali;;
963;Romano-Tenenti;Alle origini del mondo moderno;;
964;Konetzke R.;America Centrale e Meridionale;;
965;Lanzardo L.;Classe operaia e PCI alla FIAT;;
966;Cavalli A.;Le origini del capitalismo;;
967;S u r d i c h;Le grandi scoperte geografiche e la nascita del capitalismo;;
968;T o p o I s k i J .;La nascita del capitalismo in Europa;;
969;Cardini F .;Magia, stregoneria, superstizioni nell'occidente medievale;;
970;Romanelli R.;L'Italia liberale;;
971;Carocci G.;L'età dell'imperialismo;;
972;Santi F.;Storia della concentrazione antifascista;;
973;Acquarone A.;L'organizzazione dello stato totalitario, vol. l;;
974;Acquarone A.;L'organizzazione dello stato totalitario, vol. Il;;
975;Secchi a P .;I comunisti e l'insurrezione;;
976;Deane P.;La prima rivoluzione industriale;;
977;Carcopino J.;La vita quotidiana a Roma;;
978;;;;
979;Croce M. A.;"Comunicazioni di massa, tecniche audiovisive e società; una valutazizone sperimentale";;
980;Marselli G.;La civiltà contadine e la trasformazione delle campagne;;
981;Salvatorelli-Mira;Storia d'Italia nel periodo fascista;;
982;Gambino A.;Storia del dopoguerra dalla liberazione al potere DC;;
983;Gambino A.;Storia del dopoguerra dalla liberazione al potere DC;;
984;Ostenc M.;La scuola durante il fascismo;;
985;AA.VV.;I ceti medi in Italia ;;
986;Clark J.;Europa preistorica;;
987;Fortuna-Uboldi;Sbrindellato, scalzo ….;;
988;Abendroth A.;Socialismo e marxismo;;
989;Ghiozzi G.;La scoperta dei  selvaggi;;
990;Hyde J . K.;Società e politica nell'Italia medievale;;
991;Russel B.;Teoria e pratica del bolscevismo;;
992;Russel B.;Principi di riforma sociale;;
993;Russel B.;La socialdemocrazia tedesca;;
994;Russel B.;Strade per la libertà;;
995;Ciliberto M.;Intellettuali e fascismo;;
996;Menapace L.;La democrazia cristiana;;
997;Carrilho M.;Portogallo la via militare;;
998;Mosse G.;La nazionalizzazione delle masse;;
999;Luperini R.;Marxismo e intellettuali;;
1000;Badaloni N. ;Il marxismo di Gramsci;;
1001;De Giovanni;La teoria politica delle classi nel Capitale;;
1002;Auciello N.;Socialismo ed egemonia in Gramsci e Togliatti;;
1003;Polanyi;La grande trasformazione;;
1004;Aron R .;Le tappe del pensiero sociologico;;
1005;Pichierri A.;Le classi sociali in Italia;;
1006;AA.VV.;I bienni sperimentali;;
1007;Landucci S.;Montesquieu e l'origine della scienza sociale;;
1008;Cardini F.;II movimento crociato;;
1009;Valabrega G .;Il medio oriente;;
1010;Mugnai M.;Leibnitz e la logica simbolica;;
1011;Carmagnani M.;L'America latina dal 1880 ai nostri giorni;;
1012;Poggi S.;Husserl e la fenomenologia;;
1013;Cherubini G.;Agricoltura e società rurale nel Medioevo;;
1014;B a r u c c i P .;Adam Schmith;;
1015;Sapori A.;La mercatura medievale;;
1016;De Maddalena A.;Moneta e mercato del '500;;
1017;Moreschini C.;Cristianesimo e impero;;
1018;D i d e r o t - D ' A I a m b e r t;Enciclopedia o dizionario ragionato delle scienze, arti e mestieri;;
1019;D i d e r o t - D ' A I a m b e r t;Enciclopedia o dizionario ragionato delle scienze, arti e mestieri;;
1020;D i d e r o t - D ' A I a m b e r t;Enciclopedia o dizionario ragionato delle scienze, arti e mestieri ;;
1021;AA.VV.;La Bibbia concordata;;
1022;AA.VV.;La Bibbia concordata;;
1023;AA.VV.;La Bibbia concordata;;
1024;De Mas (a cura di);Le dottrine politiche in Grecia;;
1025;Cazzaniga (a cura di);"Le ""Internazinali operaie"" (1864-1943)";;
1026;Cattanei (a cura di);Il lavoro nel medioevo;;
1027;Campione (a cura di);Il sindacalismo nel mondo;;
1028;Porcelli (a cura di);La guerra rivoluzionaria;;
1029;T o m a s e ll i (a cura di);Storia di domani;;
1030;Giani Cecchini       ;Le classi sociali;;
1031;C a z z a n i g a - F r a n c e s c utt i   ;Crisi e recessioni economiche;;
1032;Pagliaro;Storia della proprietà;;
1033;Giani Cecchini  ;II lavoro in Grecia e in Roma;;
1034;Morandi C.;Partiti politici nella storia d'Italia;;
1035;C a t a I u c c i o F.;La questione coloniale nell'età moderna;;
1036;Faldella E.;L'Italia e la II guerra mondiale;;
1037;C e r v a n i - B u d a;La comunità israelitica di Trieste nel sec. XVIII;;
1038;M o n t e I e o n e R.      ;La politica dei fuoriusciti irredenti nella Guerra mondiale;;
1039;Malan M.;Lettere dal fronte;;
1040;Paoli U.;Come vivevano i Romani;;
1041;Indagine DOXA  ;Un mondo fuori   dal mondo;;
1042;Indagine DOXA  ;Un mondo fuori   dal mondo;;
1043;Indagine DOXA  ;Un mondo fuori   dal mondo;;
1044;C a r a c c i o I o;La formazione dell'Italia industriale;;
1045;Jungk R.;Gli apprendisti stregoni;;
1046;Belloch H.;L'anima cattolica dell'Europa;;
1047;Vacca R.;Il Medioevo prossimo venturo;;
1048;Gabrieli F.;L'Islam nella storia;;
1049;;;;
1050;;;;
1051;;;;
1052;Gallo Max;I manifesti nella storia del costume;;
1053;AA.VV.;Inserimento degli handicappati nelle attività formative e lavorative;;
1054;AA.VV.;Storia dell’Europa., vol. I;;
1055;AA.VV.;Storia dell’Europa., vol. I;;
1056;AA.VV.;Storia dell’Europa., vol. III;;
1057;AA.VV.;Storia dell’Europa., vol. IV;;
1958;AA.VV.;Storia d’Italia, vol. I;;
1059;AA.VV.;Storia d’Italia, vol.II;;
1060;AA.VV.;Storia d’Italia, vol.III;;
1061;Braudel F.;Le strutture del quotidiano (Civiltà material economica e capitalismo del secolo XV-XVIII);;
1062;Braudel F.;I giochi dello scambio ;;
1063;Braudel F.;I tempi del mondo;;
1064;Le Goff  J.;La civiltà dell'occidente medievale;;
1065;AA.VV.;Storia d'Italia – Annali I;;
1066;AA.VV.;Storia d'Italia – Annali III: Scienza e tecnica;;
1067;AA.VV.;Storia d'Italia – Annali Iv: Intellettuali e potere;;
1068;Monti Orel S.;I giornali;;
1069;AA.VV.;Storia d’Italia, vol. I;;
1070;AA.VV.;Storia d’Italia, vol.II;;
1071;AA.VV.;Storia d’Italia, vol.III;;
1072;AA.VV.;Storia d’Italia, vol.IV;;
1073;AA.VV.;Storia d’Italia, vol.V;;
1074;Riemschneider M.;Il mondo degli Ittiti;;
1075;Schmokel H.;Sumeri, Assiri,;;
1076;Wolf W.;Il mondo degli Egizi;;
1077;M atz F.;Creta, Micene, Troia;;
1078;Ji r k u A .;Il mondo della Bibbia;;
1079;Von der Osten H. H.;Il mondo dei Persiani;;
1080;B a n t i L .;Il mondo degli Etruschi;;
1081;Mode H.;L'antica India;;
1082;Trimborn H.;Le civiltà precolombiane;;
1083;C o n s t e n E .;L'antica Cina;;
1084;Stella L.;Mitologia greca;;
1085;Bonnard A.;La civiltà greca;;
1086;Vergnano I.;Il problema della società educativa: aggiornamenti parte I;;
1087;AA.VV.;Il politecnico;;
1088;TaIbot Rice D .;I Bizantini;;
1089;Schreiber H.;La Cina – Tremila anni di civiltà;;
1090;Carter H .;Tutankhamen;;
1091;D e u e I L .;Sulle tracce di H. Schliemann;;
1092;Lehmann J.;I Crociati;;
1093;Keller W.;La civiltà etrusca;;
1094;Gerhard H .;L'avventura dei Fenici;;
1095;Lehmann J.;Gli Ittiti;;
1096;Gerhard H .;Il mistero dei Celti;;
1097;Proctor G .;I Vichinghi;;
1098;U h I i g H .;I Sumeri;;
1099;Portner R.;L'epopea dei Vichinghi;;
1100;Garibaldi G .;I Mille;;
1101;Von Hagen V. ;Antichi imperi del sole;;
1102;Metraux A.;Gli Incas;;
1103;Atiyah E.;Gli Arabi;;
1104;Gabrieli F. ;Gli Arabi;;
1105;AA.VV.;Storia Econ. Cambridge, vol. I;;
1106;AA.VV.;Storia Econ. Cambridge, vol. III;;
1107;AA.VV.;Storia Econ. Cambridge, vol. IV;;
1108;AA.VV.;Storia Econ. Cambridge, vol. VI-1;;
1109;AA.VV.;Storia Econ. Cambridge, vol. VI-2;;
1110;De Castro D.;La questione di Trieste, vol.I;;
1111;De Castro D.;La questione di Trieste, vol.II;;
1112;Levi M. A.;Società e Costume: la Grecia antica;;
1113;Levi M. A. ;Roma antica;;
1114;Barni-Fasoli;L'Italia nell'antico medioevo;;
1115;Viscardi-Barni;L'Italia nell'età comunale;;
1116;Cognasso F.;L'Italia nel Rinascimento, vol. I;;
1117;Cognasso F.;L'Italia nel Rinascimento, vol. II;;
1118;Valsecchi F.;L'Italia nel '600 e '700;;
1119;Barié O.;L'Italia nell'800;;
1120;Moscati S.;I Fenici e Cartagine, vol. VIII;;
1121;Jones A.;II tramonto del mondo antico;;
1122;Moulin C.;Lo stato e il cittadino;;
1123;Colasanti G.;La divisione del lavoro intellettuale;;
1124;AA.VV.;La repubblica dei lavoratori;;
1125;Dockes Pierre;L'internazionale del capitale;;
1126;Cerase F.;La nuova piccola borghesia;;
1127;Mutti- Segatti;La borghesia di stato;;
1128;Farnetti P.;Il sistema dei partiti in Italia 1946-1979;;
1129;La Francesca S.;La politica economica del fascismo;;
1130;Trotskij L.;Crisi del capitalismo e movimento operaio;;
1131;Accornero e altri;Movimento sindacale e società italiana;;
1132;Padoa Schioppa F.;La forza lavoro femminile;;
1133;Grosso G.;;;
1134;Draper H.;La rivolta di Berkeley;;
1135;Gianuzzi R.;"""La Stampa"" di Torino da De Benedetti a Ronchey";;
1136;Rosi-Scalfari;Il caso Mattei;;
1137;AA.VV.;Momenti di storia dell'organizzazione sindacale in Italia;;
1138;AA.VV.;Quale riforma dello stato?;;
1139;Schumpeter J.;Teorie dello sviluppo economico;;
1140;Capitani P.;La nascita dell’economia politica;;
1141;De Brunhoff S.;Stato e capitale;;
1142;Onado M.;Il sistema finanziario italiano;;
1143;Salvati M.;Il sistema economico italiano: analisi di una crisi;;
1144;Are G.;Industria e politica in Italia;;
1145;De Felice R.;Intervista sul fascismo ;;
1146;Fetscher I.;La democrazia difficile;;
1147;Turone S.;Il paradosso sindacale. Storia del movimento sindacale (Gran Bretagna, Francia);;
1148;Ferrari Bravo;Imperialismo e classe operaia multinazionale;;
1149;Altvater e altri  ;Tendenze autoritarie del capitalismo sviluppato;;
1150;Bottomore Th.;Le classi della società moderna;;
1151;Barcellona P.;Stato e magistratura nella crisi;;
1152;Poulantzas N.;Classi sociali e capitalismo oggi;;
1153;Poulantzas N.;Il potere nella società contemporanea;;
1154;Ippolito F.;Politica dell'energia;;
1155;Accettatis V.;Capitalismo e repressione;;
1156;Baraldi-Barbarella;Formazione professionale e occupazione;;
1157;C u t r u f e ll i M .;Operaie senza fabbrica;;
1158;Addario (a cura di);Inchiesta sulla condizione dei lavoratori in fabbrica;;
1159;A n d e r I i n i F.;Lavoro produttivo e improduttivo;;
1160;AA.VV.;Proletari e padroni. Lotta continua;;
1161;Del M o n t e - G i a n n o I a lla;M e z z o g i o r n o nell'economia italiana;;
1162;Mattik e altri;Crisi e teorie della crisi;;
1163;B o n o - C a s i c c i a;Gli impiegati tra pubblico e privato;;
1164;Bianchi G.;L'Italia dei ministeri: lo sfascio guidato;;
1165;G a m b e tt a - R i co I f i;II compromesso difficile;;
1166;Albers e altri;Lotte sociali in Europa 1968-1974. Storiasociale (Francia,Gran Bretagna);;
1167;Bolaffi A.;La democrazia in discussione;;
1168;M i I i b a n d;Marxismo e democrazia borghese;;
1169;De Rosa G.;I partiti politici in Italia;;
1170;Bernardi B.;Uomo, cultura, società;;
1171;Bakaric V.;Le vie dello sviluppo socialista in Jugoslavia;;
1172;Mutti- Segatti;La borghesia di stato - Struttura e funzioni dell'impresa pubblica in Italia;;
1173;Cananistraro P.;La fabbrica del consenso, fascismo e mass-media;;
1174;Graziani A.;Investimenti e disoccupazione nel Mezzogiorno;;
1175;C a r a n d i n i G.;Stato e teorie marxiste;;
1176;T a r a n t i n i D.;La democrazia totalitaria;;
1177;C a m m a r o t a A.;Proletariato marginale e classe operaia;;
1178;AA.VV.;Modello Germania;;
1179;Mori M.;La ragione delle armi;;
1180;Bonfanti G.;Roma capitale e la questione romana;;
1181;Sasso G.;Tramonto di un mito - l'idea di progresso tra '800 e '900;;
1182;Rotelli- Schiera;Lo stato moderno: I° Dasl Medioevo all’età moderna;;
1183;Rotelli- Schiera;Lo stato moderno: 2° Principi e ceti;;
1184;Rotelli- Schiera;Lo stato moderno: 3° Accentramento e rivolte;;
1185;Topolski J.;La storiografia contemporanea;;
1186;Hinrichs E.;Alle origini dell'età moderna;;
1187;Polaniy K. (a cura);Traffici e mercati negli antichi imperi - L'economia nella storia e nella teoria;;
1188;Dodda E.;I Greci e l'irrazionale;;
1189;Matteucci N.;Alla ricerca dell'ordine politico - Da Machiavelli a Tocqueville;;
1190;Craig G.;Storia della Germania 1866-1945: dalla unificazione alla grande guerra;;
1191;Craig G.;Storia della Germania 1866-1945: Dalla rivoluzione fallita al crollo del III Reich;;
1192;Biffi-Marbelli;Invito al Medioevo;;
1193;Turone S.;Partiti e mafia dalla P2 alla droga;;
1194;Raveggi Sergio e altri  ;Popolo Grasso - I detentori del potere politico a Firenze nella seconda metà del Dugento;;
1195;Pernoud R.;Medioevo - un secolare pregiudizio;;
1196;Maravall I.;La cultura del Barocco;;
1197;Larner J.;L'Italia nell'età di Dante, Petrarca e Boccaccio;;
1198;Macek J.;Il Rinascimento italiano;;
1199;G i a r d i n a - S c h i a v o n e;S o c i e t à romana e produzione schiavistica: 1- L'Italia, insediamenti e forme economiche;;
1200;G i a r d i n a - S c h i a v o n e;S o c i e t à romana e produzione schiavistica: 2- Merci, mercati e scambi nel Mediterraneo;;
1201;Guardini R.;La realtà della chiesa;;
1202;de Lubac H.;Il dramma dell'Umanesimo ateo;;
1203;Adam K.;Gesù il Cristo;;
1204;Giussani L.;La coscienza religiosa nell'uomo moderno;;
1205;Grousset R.;Bilancio della storia;;
1206;Pernoud R.;Eleonora d'Aquitania;;
1207;Grabar A.;Le vie della creazione nell'iconografia cristiana;;
1208;Mahn-Lot;Bartolomeo de Las Casas e i diritti degli Indiani;;
1209;de Lubac H.;Cattolicesimo - Aspetti sociali del dogma;;
1210;Jones AH.;L'economia romana - Studi di storia economica e amministrativa antica;;
1211;G ri m u I P .;La civiltà romana;;
1212;S p i s a n i F .;Logica della contestazione;;
1213;Agnelli;La genesi dell'idea di Mitteleuropa;;
1214;Musti (a cura);Le origini dei Greci (Dori e mondo Egeo) ;;
1215;Tagliaferri;Coloni e legionari romani nel Friuli celtico, vol. I: testi;;
1216;Tagliaferri;Coloni e legionari romani nel Friuli celtico, vol. II: documenti;;
1217;Tagliaferri;Coloni e legionari romani nel Friuli celtico, vol. III: carte;;
1218;Giardina-Schiavone;Società remana e schiavistica produzione: L 'Italia-insediamenti e forme economiche;;
1219;G i a r d i n a (a cura di);Società romana e impero tardoantico: Istituzioni, ceti, economia ;;
1220;Pollard;La conquista pacifica - L'industrializzazione uropa dal  1760 al 1970;;
1221;Rosener;I contadini nel Medioevo;;
1222;C o s m a c i n i;Storia della medicina e della sanità in Italia;;
1223;Bracher;II '900 secolo delle ideologie;;
1224;Nogan;Storia politica dell'Italia repubblicana;;
1225;Barni;I Longobardi in Italia;;
1226;Herlihy;La famiglia nel Medioevo;;
1227;Leslett;II mondo che abbiamo perduto;;
1228;Aries;Padri e figli nell'Europa medievale e moderna;;
1229;Fink;Chiesa e papato nel Medioevo;;
1230;Kamen;L'Europa dal  1 500 al 1700;;
1231;Brigaglion;L'origine dei partiti nell'Europa contemporanea;;
1232;Pasquini- Zannino;II potere militare nella società contemporane;;
1233;Macry;Introduzione alla storia della società moderna contemporanea;;
1234;Canosa;Storia dell'inquisizione in Italia (metà 500-fine 700);;
1235;Diaz;Dal movimento dei lumi al movimento dei popoli;;
1236;Pettinato;Ebla - Nuovi orizzonti della storia;;
1237;Bretone;Storia del diritto romano;;
1238;Aries;La vita privata dal Rinascimento all'llluminismo;;
1239;Vovelle;La morte a occidente;;
1240;Le Goff (a cura);L'uomo medievale;;
1241;Heuergon;Vita quotidiana degli Etruschi;;
1242;Derry-Williams;La tecnica e i suoi effetti economico-sociali;;
1243;Derry-Williams;La tecnica e i suoi effetti economico-sociali;;
1244;AA.VV.;Italia 88 - Rapporto di primavera;;
1245;AA.VV.;Storia d'Itala - Le regioni dall'unità a oggi: Sicilia;;
1246;AA.VV.;Storia d'Itala - Le regioni dall'unità a oggi: Calabria;;
1247;A r i e s - D u b y;La vita privata dell'impero romano all'anno 1000;;
1248;Puech (a cura di);L'ebraismo;;
1249;Garin E.;L'uomo del Rinascimento;;
1250;Coen F.;Israele: quarant'anni di storia;;
1251;Jesurum S.;Essere ebrei in Italia;;
1252;M a m m a re ll a G.;Storia d'Europa dal 1945 a oggi;;
1253;Thompson L.;Il mito politico dell'apartheid;;
1254;AA.VV.;Italia 89: Rapporto di primavera;;
1255;Burkert W.;Antichi culti misterici;;
1256;C a r a c c i o I o A.;Alle origini della storia contemporanea;;
1257;Ganshof F.;Che cos'è il feudalesimo?;;
1258;Ferguson J.;Le religioni nell'Impero romano;;
1259;Berard J.;La Magna Grecia;;
1260;Wacher J.;Il mondo di Roma imperiale: vita urbana e rurale  ;;
1261;Cipolla C.;Le tre rivoluzioni;;
1262;Pacaut M.;Monaci e religiosi nel medioevo;;
1263;Swann D.;L'economia del mercato comune europeo;;
1264;AA.VV.;Storia di Roma: Roma in Italia;;
1265;Rossi P.;La memoria del sapere;;
1266;Bedeschi G.;Storia del pensiero liberale;;
1267;Romano S.;Il declino dell'URSS come potenza mondiale;;
1268;Fabiani G.;L'agricoltura italiana tra sviluppo e crisi;;
1269;Guiducci A.;Perdute nella storia: Storia di donne dal I al VII sec. d.C.;;
1270;Guiducci A.;Medioevo inquieto. Storia di donne dalI'VIII a XV sec. d.C.;;
1271;Donadoni S.;L'uomo egiziano;;
1272;C a n d e I o r o G.;La costruzione dello stato unitario 1860-1871;;
1273;C a n d e I o r o G.;La prima guerra mondiale.  Il dopoguerra.;;
;;L'avvento del fascismo, vol. VIII;;
1274;C a n d e I o r o G.;Il fascismo e le sue guerre, vol. IX;;
1275;C a n d e I o r o G.;La seconda guerra mondiale. Il crollo del fascismo La resistenza, vol. X;;
1276;C a n d e I o r o G.;La fondazione della repubblica e la  ricostruzione: Considerazioni finali, vol. XI;;
1277;S p a d o I i n i G.;L'Italia repubblicana;;
1278;C a t a n z a r o;II delitto come impresa - Storia sociale della mafia;;
1279;Lippolis;Gli eroi di Olimpia - Lo sport nella società greca e magno greca;;
1280;Tardiola;Atlante fantastico del Medioevo;;
1281;Bogdan;Storia dei paesi dell'est;;
1282;;Costituzione della Repubblica islamica dell’Iran;;
1283;;Uno sguardo alla Repubblica islamica dell’Iran;;
1284;Pagden;La caduta dell'uomo naturale. L'Indiano d'America e le origini dell'etnologia comparata;;
1285;Romeo;Le scoperte americane della coscienza italiana del '500;;
1286;Rinford;Preistoria dell'uomo. La nuova archeologia;;
1287;Lemoine;Guida storico politica dell'America Latina;;
1288;Galeano E.;Memoria del fuoco: vol.  I- Le origini;;
1289;Galeano E.;Memoria del fuoco: vol.  II- I volti e le maschere;;
1290;Galeano E.;Memoria del fuoco: vol.  III- l secolo del vento;;
1291;Berti A.;Viaggio nel pianeta nazista;;
1292;AA.VV.;Questioni di guerra;;
1293;Ganapini;La storiografia sul fascismo locale nell'Italia nordorientale;;
1294;Walzl;Gli ebrei sotto la dominazione nazista: Carinzia-;;
;;Slovenia--Friuli V.G.;;
1295;Gallo ;La Resistenza in Friuli;;
1296;De Las Casas;Brevissima relazione della distruzione delle Indie;;
1297;Rigaux;La carta di Algeri - La dichiarazione universali dei diritti dei popoli. Algeri 4.7.76;;
1298;F i e s c h i;Albert Einstein;;
1299;Garin;Erasmo;;
1300;Bori;T o I s t o j;;
1301;B a I d u c c i;Gandhi;;
1302;Nebbia;Lo sviluppo sostenibile;;
1303;Calchi Novati;Nord- Sud. Due mondi per un mondo possibile;;
1304;AA.VV.;Annali di storia, vol.I;;
1305;AA.VV.;Annali di storia, vol.II;;
1306;AA.VV.;Annali di storia, vol.III;;
1307;AA.VV.;Annali di storia, vol.IV;;
1308;AA.VV.;Annali di storia, vol.V;;
1309;AA.VV.;Storia contemporanea in Friuli;;
1310;AA.VV.;Storia contemporanea in Friuli;;
1211;AA.VV.;Storia contemporanea in Friuli;;
1312;AA.VV.;Storia contemporanea in Friuli;;
1313;AA.VV.;Storia contemporanea in Friuli;;
1314;AA.VV.;Storia contemporanea in Friuli;;
1315;AA.VV.;Storia contemporanea in Friuli;;
1316;AA.VV.;Storia contemporanea in Friuli;;
1317;AA.VV.;Storia contemporanea in Friuli;;
1318;Elias;Potere e civiltà;;
1319;Ferrarotti;Oltre il razzismo- verso la società multirazziale e multiculturale;;
1320;Heller Feher;La condizione politica postmoderna;;
1321;Mosse;Il razzismo in Europa dalle origini all'olocausto;;
1322;AA.VV.;Bosnia;;
1323;Calchi Novati;Due mondi nessun mondo possibile;;
1324;AA.VV.;Lettere a nessuno;;
1325;Balducci;Montezuma scopra l'Europa;;
1326;Zarra;La questione zingara.  I diritti civili, la giustizia, la scuola e il lavoro;;
1327;AA.VV.;Asia sconosciuta;;
1328;Ben Jelloum;Ospitalità francese;;
1329;Ferrarotti;Oltre il razzismo;;
1330;AA.VV.;L'Italia e l'antisemitismo;;
1331;Hacker;Due nazioni - Nera e bianca: separate, ostili, ineguali;;
1332;Stierlin;Adolf Hitler - Le influenze della famiglia ;;
1333;Mosse;Il razzismo in Europa;;
1334;Balbi;All'erta siam razzisti ;;
1335;Litvinoff;Il roveto ardente;;
1336;AA.VV.;Opinioni a confronto;;
1337;AA.VV.;Disarmo: tre anni di negoziati : 1955-1958;;
1338;;;;
1339;Levati-Lenoci;Dalla Croazia ai Lager ( 1941  -1945);;
1340;AA.VV.;Oltre i limiti dello sviluppo;;
1341;Wieviorka;Lo spazio del razzismo;;
1342;AA.VV.;Amnesty International - Rapporto 1993;;
1343;Conforti;La carta delle Nazioni Unite;;
1344;AA.VV.;Lettere a nessuno (Testimonianze e documenti della guerra in Croazia);;
1345;Janigro;L'esplosione delle nazioni - Il caso jugoslavo;;
1346;Abate;Il muro dei muri - Storie di ordinario razzismo;;
1347;Oberski;Anni di infanzia - Un bambino nei lager;;
1348;Doni-Valentini;L'arma dello stupro - Voci di donne nella Bosnia;;
1349;Pasic;Violentate - Lo stupro etnico in Bosnia e Erzegovina;;
1350;Stranj;La comunità sommersa (Sloveni in Italia dalla A alla Z);;
1351;Scotti-Ricciardi;Non si trova cioccolata (Lettere di bambini jugoslavi nell'orrore della guerra);;
1352;Del Boca;Gli Italiani nell'Africa orientale - La conquista;;
;;dell'impero;;
1353;Del Boca;Gli Italiani nell'Africa orientale - La conquista dell'impero;;
1354;Puech;Le religioni del mondo classico;;
1355;Heller;La condizione politica postmoderna;;
1356;Pirjevec;Il giorno di San Vito;;
1357;Hourani;Storia dei popoli arabi. Da Maometto ai nostri giorni;;
1358;Frazer;Il ramo d'oro (Studio sulla magia e la religione);;
1359;Kohn;Falsi profeti: Inganni ed errori nella scienza ;;
1360;AA.VV.;Stato del mondo 1994 - Bilancio politico, economico sociale e diplomatico ;;
1361;Mircea E.;Il sacro e il profano;;
1362;Sironi;Le officine della salute - Storia del farmaco e della sua industria in Italia;;
1363;Jonas H.;Il principio responsabilità - Un'etica per la civiltà tecnologica;;
1364;Braudel;Civiltà e imperi del Mediterraneo nell'età di Filippo II;;
1365;Braudel;Civiltà e imperi del Mediterraneo nell'età di Filippo II;;
1366;Nock;La conversione - Società e religione nel monde antico;;
1367;Burke E.;La storiografia contemporanea;;
1368;AA.VV.;L'Europa oggi;;
1369;Balbo Manconi;Razzismi - Un vocabolario;;
1370;Bencivegna;Oltre la tolleranza: Per una proposta politica esigente;;
1371;B e v i I a c q u a;Breve storia dell'Italia meridinale dall'800 a oggi  ;;
1372;Diamanti;La lega - Geografia, storia e sociologia di un nuovo soggetto politico;;
1373;Lupo;Storia della mafia;;
1374;Zoppi;II Sud tra progetto e miraggio. Problemi e prospettive di una trasformazione;;
1375;Soriero;Dopo l'intervento straordinario. La sinistra e nuove politiche per il Mezzogiorno;;
1376;Vivanti;Lotta politica e pace religiosa in Francia fra '500 e '600;;
1377;Ben Jelloun;Ospitalità francese;;
1378;Ben Jelloun;Ospitalità francese;;
1379;Ben Jelloun;Ospitalità francese;;
1380;Rusconi (a cura di);Nazione, etnia, cittadinanza in Italia e in Europa;;
1381;Pansa G.P.;L'anno dei barbari (Diario cattivo di come la;;
;;crisi dei partiti ci ha regalato l'incognita leghista);;
1382;Del Boca A.;Gli Italiani in Libia;;
1383;AA.VV.;Caduti, dispersi e vittime civili dei comuni della Regione Friuli V.G. nella II guerra mondiale;;
1384;AA.VV.;Sarajevo;;
1385;M e y e r E.;Storia e antropologia;;
1386;;;;
1387;V i o I a n t e L.;Non è la piovra;;
1388;M e n e g h e II o L.;Promemoria. Lo sterminio degli Ebrei d'Europa 1939-1945;;
1389;Ranzato G.;Guerre fratricide - Le guerre civili in età contemporanea;;
1390;Coen F.;Dreyfus;;
1391;Wa I d e n b e rg;Le questioni nazionali nell'Europa centro orientale;;
1392;Sabella- Urbinati;Quale federalismo? Interviste sull'Italia del futuro;;
1393;0tto F.;Auschwitz - Storia del Lager 1940-1945;;
1394;Guiraud J.;Elogio della inquisizione;;
1395;Rotelli E. ;Federalismo e presidenzialismo;;
1396;AA.VV.;L'Italia fra crisi e transizione;;
1397;Parry J.;Legrandi scoperte geografiche 1450-1650;;
1398;M a zz o c c h i S.;Nell'anno della tigre;;
1399;C a t a n z a r o - M a n c o n i;Storie di lotta armata;;
1400;AA.VV.;Il regime fascista;;
1401;Breuilly J.;Il nazionalismo e lo stato;;
1402;Di Francesco T.;Jugoslavia perchè;;
1403;AA.VV.;I Celti;;
1404;Gaja R.;L'Italia nel mondo bipolare;;
1405;Valenzuele e altri;II fallimento del presidenzialismo;;
1406;Rusconi G.E.;Resistenza e postfascismo;;
1407;Rusconi G.E.;Se cessiamo di essere una nazione;;
1408;Grilli E.;Interdipendenze macroeconomiche Nord-Sud;;
1409;Boffa G.;Dall'URSS alla Russia - Storia di una crisi non finita;;
1410;Cancilia O.;Storia dell'industria in Sicilia;;
1411;Viroli M.;Per amore della patria;;
1412;Coniglio G.;I Borboni di Napoli;;
1413;Neppi Modona G.;Stato della Costituzione;;
1414;Zabarbieri A.;I concili del Vaticano;;
1415;Matvejevic’ P.;Mediterraneo (un breve breviario);;
1416;AA.VV.;La donna e la costituzione italiana;;
1417;Crotti R.;II teorema della Padrona di casa e della Colf e In attesa di un Pulmann;;
1418;Matta T. ( a cura di);Un percorso della memoria (Guida ai luoc della violenza nazista e fascista in Italia) ;;
1419;AA.VV.;Prospettiva europea. Gli appuntamenti dell'Unione fino al 2000;;
1420;Garin E.;Intellettuali italiani del XX secolo;;
1421;Colarizi S.;Storia dei partiti nell'Italia repubblicana;;
1422;Flores-Gallerano;Sul PCI - Un'interpretazione storica;;
1423;Wallerstein I.;ll sistema mondiale dell'economia moderna vol. IlI L'era della seconda espansione dell’economia-mondo capitalistica 1730-1840;;
1424;Violante L.;Mafia e antimafia - Rapporto '96;;
1425;Klinkhammer L.;L'occupazione tedesca in Italia 1943-45;;
1426;Tarrow S.;Democrazia e disordine - Movimenti di protesta e politica in Italia 1965- 1975;;
1427;Palermo C.;Il quarto livello - Integralismo islamico, massoneria e mafia;;
1428;Aga Rossi E.;Una nazione allo sbando - L'armistizio italiano del settembre 1943;;
1429;Zoppi S.;Dalla Rerum Novarum alla democrazia cristiana di Murri;;
1430;Calimani R.;I destini e le avventure dell'intellettuale ebreo 1650-1933;;
1431;Scoppola P.;La repubblica dei partiti - Profilo storico della democrazia in Italia (1945- 1990);;
1432;Ellwood D.;L'Europa ricostruita - Politica ed econom tra Stati Uniti ed Europa occidentale 1944- 1955;;
1433;La Perna G.;Pola, Istria, Fiume 1943- 1 945 - L'agonia lembo d'Italia e la tragedia delle foibe;;
1434;Mayda G.;Norimberga - Processo al III Reich 20 novembre '45 - 1 ottobre '46;;
1435;AA.VV.;Atlante storico del popolo ebraico;;
1436;AA.VV.;I Greci in Occidente;;
1437;AA.VV.;Caporetto - Dossier Storia;;
1438;Vezzosi E.;La Chicago di Al Capone   - Dossier Storia;;
1439;Sani V.;La repubblica napoletana del 1799   - Dossier ;;
1440;AA.VV.;Il settembre 1 943 n e ll ' I s o n t i n o e nella regione. Armistizio, occupazione tedesca, resistenza;;
1441;;;;
1442;Braidotti Rosi;Soggetto nomade - Femminismo e crisi della modernità;;
1443;Todorov T.;La conquista dell'America. Il problema dell'altro;;
1444;AA.VV.;Mediterraneo. L'Europa alla riscoperta del suo cuore meridionale;;
1445;AA.VV.;Mediterraneo. Il mare delle complessità;;
1446;AA.VV.;Le migrazioni. Educazione interculturale e contesti interdisciplinari;;
1447;Memmi A.;Il razzismo. Paura dell’altro e diritti della differenza;;
1448;James E.O. ;Antichi dei mediterranei;;
1449;Toso F.;Frammenti d'Europa. Guida alle minoranze e t n i c o -l i n g u i s t i c h e e ai fermenti autonomisti;;
1450;AA.VV.;La moglie di Lot. Vivere in esilio;;
1451;Cassano F.;Il pensiero meridiano;;
1452;Braudel F.;Il mondo attuale, vol. I;;
1453;Braudel F.;Il mondo attuale, vol. II;;
1454;AA.VV.;Un mare di donne. M ed ite rra n e a n;;
1455;Vercellin G.;Solimano il Magnifico;;
1456;Tizzano A.;Codice dell'Unione Europea. Il trattato di Maastricht, il trattato CE   e i testi collegati;;
1457;Valdevit G.;Foibe. Il peso del passato ;;
1458;AA.VV.;...Per un sacco di carbone;;
1459;Carr E.;Il  socialismo in un solo paese 1. - La politica interna 1924-26;;
1460;Carr E.; La rivoluzione bolscevica 1917-23;;
1461;Barberis W.;Le armi del principe. La tradizione militare sabauda;;
1462;Hadot P.;Esercizi spirituali e filosofia antica;;
1463;Hirschman A.;"Tre continenti - Economia politica e sviluppo della democrazia in Europa; Stati Uniti e America Latina";;
1464;Kern-Schuraann;La fine della divisione del lavoro? Produzione industriale e razionalizzazione;;
1465;Hart H.;Il concetto di diritto;;
1466;Hurgronje 0.;Il pellegrinaggio alla Mecca;;
1467;La Serra H.;Lo sprecato;;
1468;Kersevan A.;Porzus dialoghi sopra un processo da rifare.;;
1469;Ternon Y.;Lo stato criminale. I genocidi del XX sec;;
1470;;Friuli e Venezia Giulia. Storia del '900;;
1471;Fragiacomo P.;La grande fabbrica la piccola città. Monfalcone e il Cantiere navale: la nascite di una company town 1860-1940;;
1472;Stefani P. ;Gli Ebrei;;
1473;Sanfilippo M.;Europa e America La colonizzazione anglo-francese;;
1474;;Annuario di statistica italiano 1997;;
1475;I.R.S.M.L.;Friuli Venezia Giulia: Storia del ‘900;;
1476;Pernoud Régine;Immagini della donna nel Medioevo;;
1477;Cosentino M.;La proliferazione delle armi di distruzione di massa;;
1478;;La Bibbia di Gerusalemme;;
1479;;La Bibbia di Gerusalemme;;
1480;;La Bibbia di Gerusalemme;;
1481;;La Bibbia di Gerusalemme;;
1482;Capanna M.;Lettera a mio figlio sul sessantotto;;
1483;Bertinotti F.;Pensare il ’68. Una straordinaria stagione di lotte, passioni e sogni raccontata da  chi non ha smesso di crederci ;;
1484;Flores De Bernardi;Il Sessantotto;;
1485;;Le forze armate dalla guerra di liberazione alla nascita della Repubblica 1943-1947;;
1486;Amnesty International.;Diritti senza pace -Difendere la dignità umana nei conflitti armati;;
1487;Amnesty International.;Democrazia e diritti violati. Il caso Stati Uniti;;
1488;Taguieff;Il razzismo. Pregiudizi, teorie, comportamenti;;
1489;Fabietti U.;L’identità etnica. Storia e critica di un concetto equivoco;;
1490;Ortoleva Peppino;I movimenti del '68 in Europa e in America  ;;
1491;Brubaker R.;I nazionalismi nell’Europa contemporanea;;
1492;Garde P.;;;
1493;Morin E.;I fratricidi. Jugoslavia-Bosnia 1991-1995;;
1494;Dogo M.;Storie balcaniche;;
1495;AA.VV.;La guerra in Europa;;
1496;AA.VV.;Kosovo: l'Italia in guerra. Perchè attacchi la Jugoslavia;;
1497;Moriani G.;II secolo dell'odio - Conflitti razziali e di classe nel Novecento;;
1498;Gesualdi F.;Manuale per un consumo responsabile. Dal boicottaggio al commercio equo e solidale;;
1499;Di Nola A.;L'Islam . Storia e segreti di una civiltà;;
1500;AA.VV.;La risata degli oppressi. Vita di un intoccabile;;
1501;Briggini R.;La frontiera della speranza. Gli ebrei dall Italia verso la Svizzera 1943-1945;;
1502;Zizola G.;Geopolitica mediterranea. Il Mare Nostrum dall'egemonia al dialogo ;;
1503;Matvejevic’ P.;Il Mediterraneo e l'Europa;;
1504;AA.VV.;Il dizionario della diversità Le parole dell'immigrazione, del razzismo e della xenofobia;;
1505;Fonseca I.;Seppellitemi in piedi: Un viaggio lungo I sentieri del popolo Rom;;
1506;AA.VV.;La Guerra nella testa: arte popolare, esperienza e memoria nel primo conflitto mondiale;;
1507;Calimani (a cura di);Le vie del mondo: Berlino, Budapest, Praga, Vienna e Trieste;;
1508;Cassano F.;Paeninsula-L’Italia da ritrovare;;
1509;Coslovich M.;Racconti dal lager;;
1510;Coslovich M.;Racconti dal lager;;
1511;Coslovich M.;Racconti dal lager;;
1512;Coslovich M.;Racconti dal lager;;
1513;Coslovich M.;Racconti dal lager;;
1514;Coslovich M.;Racconti dal lager;;
1515;Coslovich M.;Racconti dal lager;;
1516;Coslovich M.;Racconti dal lager;;
1517;Maieron P.;"Gli ""Untermenschen""- (I sotto uomini)";;
1518;AIcaro M.;Sull'identità meridionale ;;
1519;Corti P.;L1 emigrazione;;
1520;Hobsbawm E.;Intervista sul nuovo secolo;;
1521;AA.VV.;Atlante storico Zanichelli;;
1522;AA.VV.;Atlante storico Zanichelli;;
1523;AA.VV.;Atlante storico Zanichelli;;
1524;AA.VV.;Atlante storico Zanichelli;;
1525;AA.VV.;Atlante storico Zanichelli;;
1526;AA.VV.;Atlante storico Zanichelli;;
1527;AA.VV.;Atlante storico Zanichelli;;
1528;AA.VV.;Atlante storico Zanichelli;;
1529;Savorgnan Di Brazzà A.;Fazzoletto verde;;
1530;Guzzanti P.;L’Italia che ho in mente;;
1531;ISTIT.TECN.IND. “Malignani”;La Repubblica Italiana e i giovani-ò Riflessiooni r prospettive;;
1532;ISTIT. Per la storia del MOV. di LIBERAZIONE;1970-1996;;
1533;Villari R.;Mille anni di storia;;
1534;Cattaneo C.;Scritti su Milano e la Lombardia;;
1535;Barbero A.;Carlo Magno-Un padre dell'Europa;;
1536;Martiniello M.;Le società multietniche;;
1537;Burgio A.(a cura di);Nel   nome della razza-Il razzismo nella sto­ria d'Italia (1870-1945);;
1538;AA.VV.;Non sopportiamo la tortura;;
1539;;Giulio Cesare;;
1540;AA.VV.;Alla Magione del Tau: vestire nel Medioevo Abbigliamento ed accessori nel XIII secolo;;
1541;AA.VV.;Alla Magione del Tau: vestire nel Medioevo Abbigliamento ed accessori nel XIII secolo;;
1542;AA.VV.;Bicentenario del tricolore nazionale 200 ANNI Di storia italiana;;
1543;Cozzi Gaetano;Intorno alle origini dello Stato Pontificio.;;
1544;AA.VV.;La pace nella ex-Jugoslavia.( 1992-1996 );;
1545;AA.VV.;L'Europa dei cittadini. Famiglia Scuola Istituzioni.;;
1546;Domenicali Rino;Per uno studio democratico della Costituzione.;;
1547;AA.VV.;Innovazione. Globalità. Flessibilità.;;
1548;AA.VV.;Europa: percorsi di storia.;;
1549;Bouquet A.C.;Breve storia delle religioni.;;
1550;Casale D. Giuseppe;La Storia della Chiesa;;
1551;Carbone Carlo;Breve storia della chiesa.;;
1552;Ferrarin A. R.;Storia di Spagna;;
1553;Lotti Luigi;La settimana rossa.;;
1554;AA.VV.;L'Italia dal Fascismo alla Costituzione repubblicana.;;
1555;Ginzburg Carlo;Storia notturna. Una decifrazione del sabba.;;
1556;Giovanni XXIII;"""Pacem in terris""-Lettera enciclica";;
1557;AA.VV.;Firenze perché;;
1558;AA.VV.;Storia della cultura veneta. Dalle origini al Trecento.(vol. 1°);;
1559;AA.VV.;Storia della cultura veneta. Il Trecento.(vol. 2°);;
1560;AA.VV.;Storia della cultura veneta. Dal primo Quattrocento al Concilio di Trento.(vol. 3°/I-II-III);;
1561;AA.VV.;Storia della cultura veneta. Il Seicento.(voi. 4°/ I-II);;
1562;AA.VV.;Storia della cultura veneta. Il Settecento.(vol. 5°/1- II);;
1563;AA.VV.;Storia della cultura veneta. Dall'Età Napoleonica alla Prima Guerra Mondiale (voi. 6°).;;
1564;Chabod Federico;L'Italia contemporanea ( 1918- 1948);;
1565;;Populorum progressio + Allegato Enciclica di S.S. Paolo VI sullo sviluppo dei popoli;;
1566;;Populorum progressio + Allegato Enciclica di S.S. Paolo VI sullo sviluppo dei popoli;;
1567;;Mater et magistra + Allegato Enciclica di S.S. Giovanni XXIII sui recenti sviluppi della questione sociale;;
1568;;Mater et magistra + Allegato Enciclica di S.S. Giovanni XXIII sui recenti sviluppi della questione sociale;;
1569;;Mater et magistra + Allegato Enciclica di S.S. Giovanni XXIII sui recenti sviluppi della questione sociale;;
1570;AA.VV.;Il settembre 1943 nell' Isontino e nella Regione: Armistizio-Occupazione tedesca-Resistenza;;
1571;Bon Silva;La spoliazione dei beni ebraici. Processi economici di epurazione razziale nel Friuli Venezia Giulia. (1938-1945);;
1572;AA.VV.;Il Novecento tra storia e memoria.-Percorsi didattici documentari;;
1573;AA.VV.;Problemi della contemporaneità. Storiografia. Testimonianze. Memoria delle generazioni.;;
1574;Quinzio Sergio;Mysterium iniquitatis. Le encicliche dell'ultimo Papa.;;
1575;Arendt Hannah;Le origini del totalitarismo;;
1576;Ellwood David W.;L'Europa ricostruita - Politica ed economia tra Stati Uniti ed Europa occidentale 1945-1955;;
1577;Magraw Roger;Il secolo borghese in Francia (1815-1914);;
1578;McCauley Martin;Stalin e lo stalinismo;;
1579;Marx Roland;La regina Vittoria e il suo tempo;;
1580;Olivi Bino;L'Europa difficile - Storia politica dell'integrazio­ne europea 1948-2000;;
1581;Rees Laurence;"Nazisti – Un monito dalla storia - ""Un popolo,un Führer, n  u Reich""";;
1582;Petrignani Rinaldo;L'era americana - Gli Stati Uniti da Franklin D.Roosevelt a George W. Bush;;
1583;Timms Edward;La Vienna di Karl Kraus;;
1584;Thomas John L.;La nascita di una potenza mondiale -Gli Stati Uniti dal 1877 al 1920;;
1585;Gordon Childe V.;Il progresso nel mondo antico;;
1586;AA.VV.;Dizionario di politica;;
1587;Partner Peter;Il Dio degli eserciti - Islam e Cristianesimo : le guerre sante;;
1588;Aries Philippe;L'uomo e la morte: dal Medioevo ad oggi;;
1589;Vernart Jean Pierre;Mito e pensiero presso i Greci;;
1590;AA.VV.;Storia dell'emigrazione italiana;;
1591;AA.VV.;Un'altra terra,un'altra vita;;
1592;Rykwert Joseph;La seduzione del luogo;;
1593;Fossati Marco;Terrorismo e terroristi;;
1594;Petacco Arrigo;La seconda guerra mondiale;;
1595;Petacco Arrigo;La seconda guerra mondiale;;
1596;Petacco Arrigo;La seconda guerra mondiale;;
1597;Petacco Arrigo;La seconda guerra mondiale;;
1598;Petacco Arrigo;La seconda guerra mondiale;;
1599;Petacco Arrigo;La seconda guerra mondiale;;
1600;AA.VV.;Al centro della nuova Europa;;
1601;AA.VV.;Il tricolore il simbolo della storia;;
1602;De Rosa Diana;La carrozza di Treves;;
1603;De Rosa Diana;La carrozza di Treves;;
1604;Ansaldo Marco;Né tetto, né legge;;
1605;Ferruto Ugo (a cura di);Antologia europea;;
1606;Ferruto Ugo(a cura di);Antologia europea;;
1607;Valencic   V.;Botta e risposta sugli sloveni in Italia;;
1608;Camarca C.;Migranti;;
1609;Chomski N.;Il bene comune;;
1610;AA.VV.;Etnie,confini,Europa;;
1611;Crainz G.;Il dolore e l'esilio;;
1612;AA.VV.;Quaderni di Rassegna;;
1613;Man I.;L 'Islam dalla A alla Z;;
1614;Kepel G.;Fitna;;
1615;Watson C.W.;Multiculturalismo;;
1616;AA.VV.;Percorsi di pace nell' era della globalizzazione;;
1617;Sartori G.;Pluralismo multiculturalismo e estranei;;
1618;Stella G.A.;Odissee;;
1619;Delle Donne M.;Relazioni etniche stereotipi e pregiudizi;;
1620;Jedlowski P.;Storie comuni;;
1621;Hatzfeld J.;A colpi di machete;;
1622;Stella G.A.;L'orda;;
1623;Stefani P.;Le radici bibliche della cultura occidentale;;
1624;Zanini P.;Significati del confine;;
1625;Abù Zayd N.H.;Una vita con l'Islam;;
1626;AA.VV.;L'immaginario imprigionato;;
1627;AA.VV.;Lontano da dove?;;
1628;Patat L.;Percorsi della memoria civile (2 copie);;
1629;;;;
1630;Tawney R. H.;Religion and the Rise of Capitalism;;
1631;Kotakowski Leszek;Der Himmelsschliissel;;
1632;Te il Erster;Der wissenschaftliche Kommunismus ein Bestandtei des Marxismus-Leninismus;;
1633;Tavano Sergio (a cura di);Gorizia e la sua contea;;
1634;Tavano Sergio (a cura di);Gorizia e la sua contea;;
1635;Tavano Sergio (a cura di);Gorizia e la sua contea;;
1636;Tavano Sergio (a cura di);Gorizia e la sua contea;;
1637;Grassi Lauro (a cura di );Dall'Austria-Ungheria alla nuova Europa centrale-Un 'antologia storiografica ;;
1638;Grassi Lauro (a cura di );Dall'Austria-Ungheria alla nuova Europa centrale-Un 'antologia storiografica ;;
1639;Vespa Bruno;1889-2000 Dieci anni che hanno sconvolto l'Italia;;
1640;AA.W.;Touring Club Italiano Nuovissimo Atlante Storico Mondiale;;
1641;Capuani Massimo;Egitto Copto;;
1642;AA. W. (a cura di Noja Sergio);Iprimi Arabi;;
1643;AA. W. (a cura di Lillio Giovanni);I Sardi La Sardegna dal Paleolitico ali 'età romana;;
1644;AA.W.;Il Medioevo. Arabo e islamico dell 'Africa del Nord. I Maghreb;;
1645;Bon Silvia;La spoliazione dei beni ebraici. Processi economici c epurazione razziale nel Friuli Venezia Giulia 1938-1945;;
1646;Felice Angela (a cura di);Atti del Convegno. Matteotti una vita per la democrazia ;;
1647;Felice Angela (a cura di);Atti del Convegno. Matteotti una vita per la democrazia ;;
1648;Von Gustav A. Wetter;Sowjet-Ideologie Heute;;
1649;Patat Luciano;Percorsi della memoria civile La resistenza nella provincia di Gorizia;;
1650;Szilard Leo ( a cura di E. Vinassa de Regni);La voce dei delfini;;
1651;Hanif Kureischi;La parola e la bomba              (trad. Ivan Cotroneo)                                    ;;
1652;Khaled Fouad Allam;La solitudine dell’Occidente;;
1653;Pelliccia Paolo e Canzoniero Domenico;Tu non uccidere. Umanità e  attualità del male;;
1654;AA.VV.;Wissenschaftlicher Kommunismus;;
1655;De Fontbrune J. Charles;Nostradamus le profezie dal 1555 al 2000;;
1656;Mazzucchelli Mario;Saint Just vol.1 L’Arcangelo, 1787-1793;;
1657;Cassano franco;HOMO CIVICUS La ragionevole follia dei beni comuni;;
 1658- 1677;Ziberna Maria Grazia;Storia della Venezia Giulia da Gorizia all’Istria dalle origini ai giorni nostri;;
1678;AA.VV;La mia Costitizione- La me Costituzion- maya Ustava;;
1679;Brown Peter;Il mondo tardo antico. Da Marco Aurelio a Maometto;;
 1680-1681;German L;Testimone di un secolo Angelo Colleoni un intellettuale “contro”;;
1682;Puppini Marco ( a cura di );Leopoldo Gasparini e il lungo Novecento isontino     ;;
1683;Puppini Marco;Costruire un mondo nuovo. Un secolo di lotte operaie nel   Cantiere di Monfalcone;;
1684;AA.VV;Udine e il Friuli. Una storia per immagini  vol.1 1860-1900;;
1685;AA.VV;Udine e il Friuli. Una storia per immagini  vol. 2 1901-1920    ;;
1686;AA.VV;Udine e il Friuli. Una storia per immagini  vol.3 1921-1939       ;;
1687;AA.VV;Udine e il Friuli. Una storia per immagini  vol.4 1940-1963;;
 1688-1689;German L.;Testimone di un secolo. Angelo Colleoni: un intellettuale “contro”                                ;;
 1690-1691;Patat Luciano;Percorsi della Memoria civile. La Resistenza nella Provincia di  Gorizia;;
1692;AA.VV.;Stories of an Exihibition, Two Millenia of German Jewish History;;
1693;Crainz G.;Il dolore e l’esilio;;
1694;Verginella Marta;Il confine degli altri  ;;
1695;AA.VV;L’altro accanto a noi;;
1696;Butrini N. – Fabi Lucio     ;Pianto di pietra- la grande guerra di Ungaretti;;
1697;Colombo F. – Arcon R. ;Quaderno delle case e delle decime della città di Trieste;;
1698;Gorian R. ;Editoria e informazione a Gorizia nel Settecento La “Gazzetta Goriziana”;;
1699;Malni Paolo;Fuggiaschi. Il Campo profughi di Wagna 1915-1918;;
1700;Horne Alistair;Storia della guerra di Algeria 1954- 1962;;
1701;Tosti Amedeo;Storia della seconda guerra mondiale. Volumi 1 e 2;;
1702;Gottschalk R. – Louis R.;Marat. (traduzione dall’inglese di Decio Cinti);;
1703;Deakin F. W. – Storry G.  R. ;Il caso Sorge;;
1704;Sema Antonio (a cura di );Ricordi di guerra;;
1705;AA.VV.;Antonio Gramsci- Le sue idee nel nostro tempo;;
 1706-1707;Stolfo Marco (a cura di) ;Il Trattato di Lisbona Argomenti e documenti per l’integrazione europea ;;
1708;Guenter Levy;Il massacro degli Armeni Un genocidio controverso;;
1709;Albanese Giulio;Soldatini di piombo;;
1710;Barbera A.- Fusaro C. ;Il governo delle democrazie;;
1711;Carpi Aldo;Diario di Gusen ;;
1712;Paul Ginsburg;Il tempo di cambiare;;
1713;Gandhi;Teoria e pratica della non- violenza ;;
1714;Michele Sarfatti ;La Shoà in Italia;;
1715;Michele Sarfatti;Le leggi antiebraiche spiegate agli italiani di oggi ;;
1716;Raffaele Bifulco;Le Regioni;;
1717;Valerio Onida;La Costituzione;;
1718;Roberto Bin;Lo stato di Diritto ;;
1719;Mill J. S. e Taylor H.;Sull’uguaglianza e l’emancipazione femminile;;
1720;Ryszard Kapuściński;L’altro;;
1721;Vandana Shiva;Le guerre dell’acqua;;
1722;Amos Oz;Contro il fanatismo;;
1723;L. Codignola, L. Bruti Liberat;Storia del Canada;;
1724;Stefano di Brazzano;L’assassinio di un vescovo;;
1725;Pavle Merkù;Nomi di persone e luoghi nei registry medioevali del capitol di San Giusto in Trieste;;
1726;Michelet;Storia della rivoluzione rancese, libri 1 2 3;;
1727;Michelet;Storia della rivoluzione francese, libri 4 5 6;;
1728;Michelet;Storia della rivoluzione francese libri 7 8 9;;
1729;Michelet;Storia della rivoluzione francese libri 10 11 12 13;;
1730;Michelet;Storia della rivoluzione francese libri 14 15 16 17 18 19 20 21;;
1731;Danilo de marco;Partigiani di un’altra europa;;
1732;Paolo Rumiz;Come i cavalli che dormono in piedi;;
1733;Paolo Rumiz;Come i cavalli che dormono in piedi;;
1734;Marco Puppini;Costruire un mondo nuovo;;
1735;Ivan Buttignon;Fascismo e liberazione in Italia nella nostra regione;;
1736;Ivan Buttignon;Fascismo e liberazione in Italia nella nostra regione;;
1737;Ivan Buttignon;Fascismo e liberazione in Italia nella nostra regione;;
1738;Carlo Yriart;Trieste;;
1739;Carlo Yriart;Trieste;;
1740;AA.VV.;I rapport Italo-sloveni 1880-1956;;
1741;AA.VV.;I rapport Italo-sloveni 1880-1956;;
1742;AA.VV.;I rapport Italo-sloveni 1880-1956;;
1743;AA.VV.;I rapport Italo-sloveni 1880-1956;;
1744;Alojz Rebula;Destinazione Nuova terra;;
1745;AA.VV.;Dalla preistoria all’Antico Egitto ;;
1746;AA.VV.;La Grecia e il mondo ellenistico ;;
1747;AA.VV.;Roma dalle origini ad Augusto ;;
1748;AA.VV.;Dall’impero romano a Carlo Magno ;;
1749;AA.VV.;Dall’impero di Carlo Magno al trecento;;
1750;AA.VV.;Dalla crisi del trecento all’espansione europea ;;
1751;AA.VV.;Il cinquecento: la nascita del mondo moderno;;
1752;AA.VV.;Il seicento: L’età dell’assolutismo ;;
1753;AA.VV.;Il settecento: l’età dei lumi ;;
1754;AA.VV.;Dalle grandi rivoluzioni alla restaurazione;;
1755;AA.VV.;Risorgimento e rivoluzioni nazionali ;;
1756;AA.VV.;L’età dell’imperialismo e la I Guerra mondiale ;;
1757;AA.VV.;L’età dei totalitarismi e la II Guerra mondiale ;;
1758;AA.VV.;Dalla Guerra fredda alla dissoluzione dell’URSS;;
1759;AA.VV.;Il mondo di oggi. Indice dei nomi ;;
1760;AA.VV.;Cronologia universale ;;
1761;Pamela Ballinger;La memoria dell’esilio Esodo e identità al confine dei Balcani;;
1762;Antonella Gallarotti- Andrea Romoli;L’assedio di Gorizia 1915-1916. Una tragedia dimenticta dalla storia;;
1763;Marco Mantini- Silvio Stok;I tracciati delle trincee sul fronte dell’Isonzo III. Le alture di Monfalcone Parte 1°;;
1764;Enrico Cernigoi;I tracciati delle trincee della Grande Guerra I. La Conquista del carso di Comeno Prefazione I Matteo Paesano a cura di Paolo Pizzamus;;
1765;Adriano Andri -Giulio Mellinato- Fabio Zucconi ;Il compito della memoria Una scuola di confine: dalla monarchia sburgica all’Italia Repubblicana (1867-1947);;
1766;Carla Marcato- Federico Vicario (a cura di);Il pensiero di Graziano Isaia Ascoli a cent’anni dalla scomparsa;;
1767;Edoardo de Leitenburg;Sull’orlo della foiba;;
1768;Marina Bressan (a cura di);Asburgo Quattro secoli di governo di ua Contea di confine 1500-1918 ;;
1769;Cristina Bragaglia Venuti- Luca Geroni (a cura );A tavola con I Conti Coronini Le forme rituali dei pasti dal Settecento al Novecento;;
1770;Edda Serra  (a cura di);Con la collaborazione di Pericle Camuffo e Isabella Valentinuzzi Autoritratti e impegno civile Scritti rari e inedita dell’Archivio Marin della Fondazione Cassa di Risparmio di Gorizia;;
1771;;;;
1772;AA.VV.;Ierimo del Filzi.Cronache dall’esodo ai giorni nostri;;
1773;Luciano Spangher;Gorizia 8 settembre 1943 Carteggi goriziani di guerra;;
1774;Marina Bressan;Scrittori austriaci sul fronte dell’Isonzo Reportage del Kriegspressequartier;;
1775;Marina Bressan (a cura di);Signori, si parte! Come viaggiavamo nella Mitteleuropa 1815-1915;;
1776;Enrico Cammarata (cura di);Nati per morire La Grande Guerra dalle testimonianze personali ai luoghi della memoria;;
1777;Gianfranco Hofer (a cura di);“La gloria del Signore” La Riforma protestante nell’Italia Nord-Orientale;;
1778;Andrea Graziosi;Il futuro contro Democrazia, libertà, mondo giusto;;
1779;Giovanni Falcone- Marcello Padovan;Cose di Cosa Nostra;;
1780;Emilio Lussu;Un anno sull’Altipiano;;
1781;Antonini Renato;Vittime Monfalconesi durante l’occupazionr jugoslava 1° maggio-12 giugno 1945;;
1782;Antonini Renato;Vittime Monfalconesi durante l’occupazionr jugoslava 1° maggio-12 giugno 1945;;
1783;Giorgio Bocca;Il caso 7 aprile Toni Negri e la Grande inquisizione;;
1784;Gianfranco Morra ;Marxismo e religione;;
1785;J. William Fulbright;L’arroganza del potere;;
1786;Gianni Adolfo Bellinetti;Governare per slogan Scritte fasciste sulle strade del Friuli.;;
1787;Silvio Bertoldi ;La Repubblica di Salò Storia Documenti Immagini Vol.1 Si riparte da Verona;;
1787;Silvio Bertoldi ;La Repubblica di Salò Storia Documenti Immagini Vol. 2 Ciano: I giorni del drama…;;
1787;Silvio Bertoldi ;La Repubblica di Salò Storia Documenti Immagini Vol.3 Un itinerario senza Speranza;;
1787;Silvio Bertoldi ;La Repubblica di Salò Storia Documenti Immagini Vol.4 In fuga disperata verso la morte;;
1788;Indro Montanelli;L’Italia in camicia nera;;
1789;Indro Montanelli;L’Italia di Giolitti;;
1790;Indro Montanelli;I Libelli;;
1791;Indro Montanelli-Mario Cervi;L’Italia della disfatta;;
1792;Indro Montanelli-Mario Cervi;L’Italia dell’Asse;;
1793;Indro Montanelli-Mario Cervi;L’Italia Littoria;;
1794;Indro Montanelli-Mario Cervi;L’Italia della Guerra Civile;;
1795;Indro Montanelli-Mario Cervi;L’Italia della Repubblica;;
1796;Indro Montanelli-Mario Cervi;L’Italia del Miracolo;;
1797;Indro Montanelli ;Storia d’Italia vol.1 L’età romana el’alto Medioevo;;
1798;Indro Montanelli;Storia d’Italia vol. 2 Il basso Medioevo e l’età comunale;;
1799;Indro Montanelli;Storia d’Italia vol. 3 Il Rinascimento;;
1800;Indro Montanelli;Storia d’Italia vol. 4 L’età barocca e la decadenza italiana;;
1801;Indro Montanelli;Storia d’Italia vol. 5 Dal tornado napoleonico al primo Risorgimento ;;
1802;Indro Montanelli;Storia d’Italia vol. 6 L’unità d’Italia;;
1803;Indro Montanelli;Storia d’Italia vol. 7 Il capitalismo e la Grande Guerra;;
1804;Indro Montanelli;Storia d’Italia vol. 8 L’Italia fascista;;
1805;Rosalind Miles ;Chi ha cucinato l’ultima cena? Storia femminile del mondo;;
1806;Wilfried Westphal ;Gli Inca Dall’antico splendore alla moderna servitù;;
1807;Paolo Rumiz;Come cavalli che dormono in piedi;;
1808;Adelaide Mattaini (a cura di);Romanzi dei Reali di Francia Il libro delle storie di Fioravante I Reali di Francia-L’Aspromonte Li fatti di Spagna Storia di Rinaldino da Montalbano I Nerbonesi- Storia di Aiolfo del Barbicone Storia di Ugone d’Alvernia;;
1809;Aleida Assmann;Il sogno europeo Quattro lezioni dalla Storia ;;
1810;Nadia Urbinati;Io, il Popolo;;
1811;Agus Morales;Non siamo rifugiati;;
1812;Alessandro Volpi;Perché non possiamo fare a meno DELL’ EUROPA Contro la retorica anti-euro di sovranisti e populisti;;
1813;Romano Prodi;L’Europa;;
1814;Enzo Bettiza;Esilio;;
1815;Arrigo Petacco ;L’esodo ;;
1816;Galliano Fogar ;   L’antifascismo operaio monfalconese fra le due guerre ;;
1817;Piero Ghedo ;   Terzo mondo: Perchè povero?;;
1818;Gerolamo Fazzini;Il libro rosso dei martiri cinesi ;;
1819;Marco Girardo ;Sopravvissuti e dimenticati;;
1820;Jean-Louis Fournel e Jean-Claude Zancarini;Guerre d’Italia. 1494-1559;;
1821;Chiara Pecorella Longo;Alcibiade. Una storia ateniese ;;
1822;Antonio Spinosa ;Maria José e I Savoia ;;
1823;Paolo Cau;I cento giorni;;
1824;Andrea Frediani;Attila;;
1825;Federica Faitelli;Cesare Borgia;;
1826;Matteo Sanfilippo ;Robin Hood. La vera storia ;;
1827;Silvia Mantini;Harem. Un mondo di donne;;
1828;Maria Cesa;Adriano. L’età d’oro dell’impero romano;;
1829;Chiara Melani;Cleopatra. Il fascino del potere;;
1830;Ferdinando Fasce;Wall Street 1929;;
1831;Lorenzo Braccesi;Alessandro Magno;;
1832;AA.VV;Percorsi di pace nell’era della globalizzazione;;
1833;AA.VV;L';;
