1;Ruesch H. ;Paese dalle ombre corte;;
2;Ruesch H.;Paese dalle ombre lunghe;;
3;Kolosimo P.;Ombre sulle stelle;;
4;Kolosimo P.;Il pianeta sconosciuto;;
5;Maas P.;S e r p i c o;;
6;Ionesco E.;Il solitario;;
7;White P.;L'esploratore;;
8;Plenzdorf U.;I nuovi dolori del giovane Werther;;
9;Hemingway E.;Verdi colline d'Africa;;
10;Hemingway E.;Avere e non avere;;
11;Hemingway E.;Addio alle armi;;
12;Hemingway E.;F i e s t a;;
13;Hemingway E.;Per chi suona la campana;;
14;Kolosimo P.;Non è terrestre;;
15;Hemingway E.;Torrenti di primavera;;
16;Hemingway E.;Torrenti di primavera;;
17;Hemingway E;Morte nel pomeriggio;;
18;Solzenitsyn A.;Agosto 1914;;
19;Solzenitsyn A.;Agosto 1914;;
20;Solzenitsyn A.;Il cervo e la bella del campo;;
21;Solzenitsyn A.;Il primo cerchio   vol. I;;
22;Solzenitsyn A.;Il primo cerchio   vol. II;;
23;Solzenitsyn A.;Il primo cerchio   vol. II;;
24;Solzenitsyn A.;Una giornata di Ivan Denisovic La Matriona - Alla stazione;;
25;Solzenitsyn A.;Una giornata di Ivan Denisovic La Matriona - Alla stazione;;
26;Solzenitsyn A.;La quercia e il vitello;;
27;Dostoevskij F.;Memorie del sottosuolo;;
28;Durrenmatt F.;La caduta;;
29;Ajtmatov C. ;Romanzi brevi;;
30;Markov G.;La famiglia Strogov;;
31;Bondarev J.;La neve calda;;
32;Bykov V.;Gli ultimi tre giorni;;
33;Read P.P. ;Tabù;;
34;Vercors B. J. ;Il silenzio del mare;;
35;Vercors B. J.;La zattera della medusa;;
36;West N. ;Il giorno della locusta;;
37;West N.;La salamandra;;
38;Solzenitsyn A.;Arcipelago Gulag;;
39;Solzenitsyn A.;Arcipelago Gulag;;
40;Solzenitsyn A.;Arcipelago Gulag;;
41;Durrenmatt F.;Greco cerca greca;;
42;Durrenmatt F.;Greco cerca greca;;
43;Durrenmatt F.;La panne;;
44;Durrenmatt F.;Il giudice e il suo boia;;
45;Durrenmatt F.;La panne;;
46;Durrenmatt F.;La promessa;;
47;Durrenmatt F.;I fisici;;
48;Merton T.;La montagna dalle sette balze;;
49;Merton T.;Nessun uomo è un'isola;;
50;Merton T.;La montagna dalle sette balze;;
51;Lord W.;Le due ore di  Pearl Harbor;;
52;Lawrence T. E. ;L'aviere Ross;;
53;Lucas P. ;E I AI a m e i n;;
54;Lee H.;Il buio oltre la siepe;;
55;Gogol N.V.;I racconti di Pietroburgo;;
56;Gide A. ;Sinfonia pastorale;;
57;Fitzgerald F.S.;Tenera è la notte;;
58;Fitzgerald F.S.;Il grande Gatsby;;
59;Fitzgerald F.S.;Il grande Gatsby;;
60;Fitzgerald F.S.;Il grande Gatsby;;
61;Malraux A.;La condizione umana;;
62;Malraux A.;La condizione umana;;
63;Steinbeck J.;Uomini e topi;;
64;Steinbeck J.;Furore;;
65;Steinbeck J.;Furore;;
66;Steinbeck J.;Pian della tortilla;;
67;Steinbeck J.;Pian della tortilla;;
68;Steinbeck J.;Al dio sconosciuto;;
69;Steinbeck J.;La luna è tramontata;;
70;Steinbeck J.;I pascoli del cielo;;
71;Steinbeck J.;L’inverno del nostro scontento;;
72;De Beauvoir S. ;Le belle immagini;;
73;De Beauvoir S.;La forza delle cose;;
74;De Beauvoir S.;Memorie di una ragazza per bene;;
75;De Beauvoir S. ;Una morte dolcissima;;
76;De Beauvoir S. ;I mandarini;;
77;De Beauvoir S.;A conti fatti;;
78;De Beauvoir S.;La forza delle cose;;
79;De Beauvoir S.;Memorie di una ragazza per bene;;
80;De Beauvoir S.;L’età forte;;
81;De Beauvoir S.;Esiste la donna?;;
82;Kafka F.;Il processo;;
83;Kafka F.;Il processo;;
84;Kafka F.;Il castello;;
85;Kafka F.;Lettere al padre;;
86;Kafka F.;Tutti i racconti vol. I;;
87;Kafka F.;Tutti i racconti vol. II;;
88;Kafka F.;Diari (1910-1932) vol. I;;
89;Kafka F.;Diari (1910-1932) vol. II;;
90;Kafka F.;Lettere a Milena;;
91;Kafka F.;Il  castello;;
92;Abelardo;Storia delle mie disgrazie - Lettere d'amore di Abelardo e Eloisa ;;
93;Paulus F. ;Stalingrado;;
94;Scorza M.;Storia del garabombo invisibile;;
95;Silva O.;Qui succede, signori, che mi gioco la sorte;;
96;Wambaugh J. ;Il cavaliere blu;;
97;Hamilton C. ( a cura di) ;Sul sentiero di guerra;;
98;Garcia Marques G.;L'autunno del patriarca;;
99;Mann T. ;Altezza reale;;
100;Sakharov A. ;Il mio paese è il mondo;;
101;Hailey A.;"I ""boss"" del dollaro";;
102;Fowles J.;La torre d'ebano;;
103;Milani F. ;Il forzato;;
104;Adams R.;La collina dei conigli;;
105;Mann T.;;;
106;Mann T.;Confessioni del cavalier d'industria Felix Krull;;
107;Mann T.;Confessioni del cavalier d'industria Felix Krull;;
108;Mann T.;Cane e padrone;;
109;Mann T.;Doctor Faustus;;
110;Mann T.;Mario e il Mago - Le teste scambiate;;
111;Mann T.;Tonio Kroger;;
112;Mann T.;Cane e padrone;;
113;Mann T.;La morte a Venezia - Tonio Kroger - Tristano;;
114;Mann T.;Altezza reale;;
115;Mann T.;I Buddenbrook;;
116;Mann T.;I Buddenbrook;;
117;Mann T.;La montagna incantata vol. I;;
118;Mann T.;La montagna incantata vol. II;;
119;Hemingway E.;Isole nella corrente;;
120;Chesterton G. K. ;La resurrezione di Roma;;
121;Chesterton G.K.;La saggezza di Padre Brown;;
122;Chesterton G.K.;L'innocenza di Padre Brown;;
123;Joyce J.;Esuli;;
124;Joyce J.;Dublinesi (Gente di Dublino);;
125;Joyce J.;Dublinesi (Gente di Dublino);;
126;Joyce J.;Dublinesi (Gente di Dublino);;
127;Joyce J.;Ulisse;;
128;Joyce J.;Ulisse;;
129;Joyce J.;Dedalus;;
130;Bulgakov;Il maestro e Margherita;;
131;Bulgakov;Il maestro e Margherita;;
132;Bulgakov;Il maestro e Margherita;;
133;Bulgakov;Il maestro e Margherita;;
134;Majakovskij V.;Lettere d'amore a Lilia Brik;;
135;Babel I.;L'armata a cavallo;;
136;Bulgakov;I racconti di un giovane medico;;
137;Asimov I.;lo, robot;;
138;Stein G.;Come volevasi dimostrare;;
138;Garnett D.;La signora trasformata in volpe;;
140;Frisch M.;Guglielmo Tell per la scuola;;
141;Caldwell  E.;La via del tabacco;;
142;Böll H.;Opinioni di un clown;;
143;Böll H.;Racconti umoristici e satirici;;
144;Böll H.;Casa senza custode;;
145;Böll H.;Foto di gruppo con signora;;
146;Böll H.;Foto di gruppo con signora;;
147;Böll H.;Che cosa faremo di questo ragazzo;;
148;Cechov A.;Epistolario vol .I;;
149;Cechov A.;Epistolario vol .II;;
150;Cechov A.;Racconti vol.I;;
151;Cechov A.;Racconti vol.II;;
152;Cechov A.;Una storia noiosa;;
153;Cechov A.;Anima cara;;
154;Cechov A.;Il duello;;
155;Cechov A.;Il monaco nero;;
156;Cechov A.;Lo studente;;
157;Cechov A.;I contadini;;
158;Camus A. ;La morte felice;;
159;Camus A.;Lo straniero;;
160;Camus A.;La caduta- L’esilio e il regno;;
161;Kolosimo P.;Terra senza tempo;;
162;Camus A. ;La peste;;
163;Camus A.;La peste;;
164;Proust M.;Alla ricerca del tempo perduto vol.I;;
165;Proust M.;Alla ricerca del tempo perduto vol.II;;
166;Proust M.;Alla ricerca del tempo perduto vol.III;;
167;Proust M.;Alla ricerca del tempo perduto vol.IV;;
168;Proust M.;Alla ricerca del tempo perduto vol.V;;
169;Proust M.;Alla ricerca del tempo perduto vol.VI;;
170;Proust M.;Alla ricerca del tempo perduto vol.VII;;
171;Proust M.;Lettere;;
172;Proust M.;Il tempo ritrovato;;
173;Proust M.;La fuggitiva;;
174;Proust M.;La prigioniera;;
175;Proust M.;Sodoma e Gomorra;;
176;Proust M.;I Guernantes;;
177;Proust M.;All’ombra della fanciulla in fiore;;
178;Proust M.;La strada  di Swann;;
179;Musil R. ;L’uomo senza qualità vol.I;;
180;Musil R.;L’uomo senza qualità vol.II;;
181;Musil R.;Tre donne;;
182;Schreiber H. e G. ;Città scomparse;;
183;Musil R.;1 turbamenti del giovane Torless;;
184;Hassel S.;Germania Kaput;;
185;Rilke E. M.;I quaderni di Malte Laurids Brigge;;
186;Woolf V.;Gita al faro;;
187;Remarque E.;Arco di trionfo;;
188;Remarque E.;Tre camerati;;
189;Bach R.;Il gabbiano Jonathan Livingston;;
190;BaIzac (de) H.;Papà Goriot;;
191;BaIzac (de) H.;Lo zigrino;;
192;Bordeaux H.;Il giocoliere della luce;;
193;Borges J.L.;Finzione;;
194;Canetti E.;Massa e potere;;
195;Anonimo Sovietico;Divisione cancro;;
196;Andric  I. ;Il ponte sulla Drina;;
197;Austen J. ;Orgoglio e pregiudizio;;
198;Bernanos G. ;Diario di un curato di campagna;;
199;Benjamin W. ;Infanzia berlinese;;
200;Benjamin W.;Immagini di città;;
201;Bibby G. ;Le navi dei Vichinghi;;
202;Dickens C. ;Grandi speranze;;
203;Dickens C.;Le campane;;
204;Dickens C.;Il grillo del focolare;;
205;Dickens C.;La bottega dell'antiquario   vol. I;;
206;Dickens C.;La bottega dell’antiquario vol. II;;
207;Dickens C.;David Copperfield    vol. I;;
208;Dickens C.;David Copperfield vol. II;;
209;Dickens C.;Tempi difficili;;
210;Dickens C.;Canto di Natale;;
211;Dickens C.;Le avventure di Oliver Twist;;
212;Dickens C.;Il circolo Pickwick   vol. I;;
213;Dickens C.;Il circolo Pickwick vol.II;;
214;Grass G. ;Gatto e topo;;
215;Grass G. ;Gatto e topo;;
216;Grass G.;Il tamburo di latta;;
217;Sartre P. ;Il muro;;
218;Sartre P. ;Il muro;;
219;Sartre P. ;Il muro;;
220;Cather W. ;Il gelso bianco;;
221;Dostoevskij F. ;I fratelli Karamazov   vol. I;;
222;Dostoevskij F. ;I fratelli Karamazov   vol. II;;
223;Dostoevskij F. ;I fratelli Karamazov   vol. III;;
224;Dostoevskij F. ;I demoni;;
225;Melville H.;M o b y Dick;;
226;Melville H.;Benito Cereno;;
227;Melville H.;Benito Cereno- Billy Budd;;
228;Melville H.;T y p e e;;
229;Melville H.;Le isole incantate;;
230;Buck P.;La buona terra;;
231;Buck P.;La dea fedele;;
232;Buck P.;Stirpe di drago;;
233;Buck P.;Miniatura di Natale;;
234;Mauriac  F.;Groviglio di vipere;;
235;Mauriac  F.;La toga pretesta;;
236;Mauriac  F.;Santa Margherita di Cortona;;
237;Mauriac  F.;La f a r i s e a;;
238;Kozantzakis N.;Zorba il greco;;
239;Collier R.;Il giorno dell'aquila;;
240;Carozzo A. ;Qualsiasi oceano va bene;;
241;Cronin A.;Il castello del cappellaio;;
242;Cronin A.;La dama dei garofani;;
243;C r o n i n A .;Le chiavi del regno;;
244;C r o n i n A .;La cittadella;;
245;C r o n i n A .;Grazia Lindsay;;
246;C r o n i n A .;E le stelle stanno a guardare;;
247;Ceram C . W .;Civiltà al sole;;
248;Ceram C . W;Civiltà sepolte;;
249;Ceram C . W;Civiltà sepolte;;
250;Ceram C . W .;I detectives dell'archeologia;;
251;Ceram C . W .;Il primo americano;;
252;Cervantes M.;Don Chisciotte della Mancia vol.I;;
253;Cervantes M.;Don Chisciotte della Mancia vol.II;;
254;Cervantes M.;Don Chisciotte della Mancia vol.III;;
255;Lapierre-Collins;Parigi brucia?;;
256;Lapierre-Collins;Gerusalemme, Gerusalemme;;
257;Lapierre-Collins;Gerusalemme;;
258;Stein G.;Tre esistenze;;
259;Pack S .;Azione notturna al largo di Capo;;
260;Conrad J.;Romanzi della Malesia;;
261;Conrad J.;Tutti i racconti - I romanzi brevi;;
262;Conrad J.;Il tifone e altri romanzi;;
263;Conrad J.;Racconti di mare e di costa;;
264;Chagall M.;La mia vita;;
265;Bernhardt T. ;La Fornace;;
266;Cesbron G;Cieli aperti;;
267;Cesbron G;Cieli aperti;;
268;Huysmans J.;Controcorrente;;
269;M a s o n R.;Il vento non sa leggere;;
270;Shute N;L'ultima spiaggia;;
271;Mac Lean A.;Agguato al passo del nibbio;;
272;Van del Meersch M.; Perché non sanno quello che fanno;;
273;Van del Meersch M.;L'impronta di Dio;;
274;Daudet A.;Tartarin di Tarascona;;
275;Daudet A.;Ritratto dal vero;;
276;D e e p i n g W .;La pazzia di Barbara;;
277;Daniel-Rops H.;La spada infuocata;;
278;Ko l o s i m o P .;Il pianeta sconosciuto;;
279;H esse H .;D e m i a n;;
280;H esse H .;Il lupo della steppa;;
281;H esse H .;Il lupo della steppa;;
282;H esse H .;Narciso e Boccadoro;;
283;H esse H .;Narciso e Boccadoro;;
284;H esse H .;Il lupo della steppa - Narciso e Boccadoro;;
285;H esse H .;Peter Kamenzind;;
286;De Foe D .;Moli Flanders;;
287;Zola E.;Teresa Raquin;;
288;Joyce J .;Gente di Dublino;;
289;Eichendorff (von) J.; Racconti - Poesie;;
290;Strindberg A.;La stanza rossa;;
291;Kleist (von) H.;Racconti;;
292;de Lamartine A.;Graziella - Raphael;;
293;De Foe D .;Avvenire e disavventure della famosa Moll Flanders;;
294;Kipling R.;Racconti;;
295;Kipling R.;Racconti dell'India;;
296;Kipling R.;Tutti romanzi;;
297;Kipling R.;Il libro della giungla;;
298;Baker N..;L’ammezzato;;
299;Baker N..;L’ammezzato;;
300;Baker N..;L’ammezzato;;
301;Waltari M .;Marco il Romano;;
302;Waltari M .;Lauso il Cristiano;;
303;Waltari M.;Sinuhe l'egiziano;;
304;Maugham W.S.;Il velo dipinto;;
305;Maugham W.S.;Il filo del rasoio;;
306;Anonimo;Lazzarillo del Tormes;;
307;Lawrence T.E.;I sette pilastri della saggezza   vol. I;;
308;Lawrence T.E.;I sette pilastri della saggezza   vol. II;;
309;Lord W.;Le due ore di Pearl Harbor;;
310;LeweIIyn R .;Com'era verde la mia vallata;;
311;Hawkes J .;Seconda pelle;;
312;Pasternak B;Il dottor Zivago;;
313;Paulus F .;Stalingrado;;
314;de Maupassant G.;Una vita;;
315;de Maupassant G. ;Racconti di giorno e della notte;;
316;de Maupassant G.;Bel Ami;;
317;Orwell G.;1984;;
318;Orwell G.;La fattoria degli animali;;
319;Orwell G.;Fiorirà l'aspidistra;;
320;Orwell G.;La fattoria degli animali;;
321;Meyer F.C.;La tentazione del marchese di Pescara;;
322;Sagan F.;La disfatta;;
323;Sagan F.;Tra un mese, tra un anno;;
324;Handke P.;L'ambulante;;
325;Nagatsuka R .;Ero un kamaikase;;
326;Haluschka H.;All'ombra del re;;
327;Hoffmann E.;La donna vampiro e altri racconti;;
328;Hoffmann E.;L'uomo di sabbia e altri racconti;;
329;Hochnuth R.;Soldati - Necrologio per Ginevra;;
330;Hochnuth R.;Il vicario;;
331;Hilton J.;Addio, mister Chips;;
332;Seint-Exupery (de)  ;Pilota di guerra - Lettera a un ostaggio - Taccuini;;
333;Seint-Exupery (de);Vento,  sabbia e stelle;;
334;Seint-Exupery (de);Il piccolo principe;;
335;Seint-Exupery (de);Paolo e Virginia;;
336;Remarque E.;Niente di nuovo sul fronte occidentale;;
337;Remarque E.;Niente di nuovo sul fronte occidentale;;
338;Remarque E.;Tempo di vivere, tempo di morire;;
339;Remarque E.;L'ultima scintilla;;
340;Remarque E.;La via del ritorno;;
341;Roth J.;La marcia di Radetzky;;
342;Roth J.;La tela di ragno - Hotel Savoy - La ribellione;;
343;Roth J.;La cripta dei Cappuccini;;
344;Hugo V.;I lavoratori del mare;;
345;Hugo V.;I Miserabili    vol. I;;
346;Hugo V.;I Miserabili    vol. II;;
347;Goethe J . W.;I dolori del giovane Werther e altri scritti autobiografici;;
348;Goethe J . W.;Le affinità elettive                       ;;
349;Jackson G.;I fratelli di Soledad;;
350;Huxley A.;L’ isola;;
351;Hunter J . A .;A caccia di belve;;
352;Ruark R.;Qualcosa che vale;;
353;Hignett S .;Torna, Dio, sei perdonato;;
354;Higgins A .;Una tarda estate;;
355;Morton Robinson;Il cardinale;;
356;Tolstoj L.;Anna Karenina   vol. I;;
357;Tolstoj L.;Anna Karenina   vol. II;;
358;Tolstoj L.;Anna Karenina   vol. I;;
359;Tolstoj L.;Anna Karenina   vol. II;;
360;Tolstoj L.;Guerra e pace   vol. I;;
361;Tolstoj L.;Guerra e pace   vol. II;;
362;Tolstoj L.;Guerra e pace   vol. I;;
363;Tolstoj L.;Guerra e pace   vol. II;;
364;Dostoevskij F.;Delitto e castigo  vol. I ;;
365;Dostoevskij F.;Delitto e castigo  vol. II ;;
366;Rosa J . G .;Grande Sertao;;
367;Marshall B.;I giorni di scuola di Giorgio Brown;;
368;Malraux A.;Antimemorie;;
369;Sand G .;Indiana;;
370;Saroyan W.;Che ve ne pare dell'America?;;
371;Hougron J.;Il sole nel ventre;;
372;Salinger J.;Il giovane Holden;;
373;Hoffmann E.;Il vaso d'oro;;
374;Forster E.;Il cammino più lungo;;
375;Frisch M.;Homo Faber;;
376;Gandhi M .;La mia vita per la libertà;;
377;George P .;Il dottor Stranamore;;
378;Godden R;Una rosa a Catford Street;;
379;Kawabata Y.;Il suono della montagna;;
380;Kawabata Y.;Il paese delle nevi;;
381;Keller G.;Romeo e Giulietta al villaggio;;
382;Klee P.;Diari (1898-1919);;
383;Kirst H;I lupi;;
384;Richter C.;Il mare d'erba;;
385;Racine J.;Fort Roya ;;
386;Rousseau G.G;Le fantasticherie del passeggiatore solitario;;
387;Ruesch H.;Ritorno alle ombre lunghe;;
388;Ross J.;I morti sono miei;;
389;Behr E.;L'ultimo imperatore;;
390;Puskin A.;Eugenio Onieghin;;
391;Puskin A.;La figlia del capitano;;
392;Neubert O .;La valle dei re;;
393;Neihardt J .;Alce nero parla;;
394;Rezzori (von);Un ermellino a Cernopol;;
395;Queffelec H.;Dio ha bisogno degli uomini;;
396;Puzo M.;Mamma Lucia;;
397;Puzo M.;Il padrino;;
398;Puzo M.;Il padrino;;
399;Bukovskij V.;Il vento va e poi torna;;
400;Corman A .;Kramer contro Kramer;;
401;Wedekind F.;Risveglio di primavera;;
402;Townsend S.;Diario segreto di Adriano Mole di anni 13 e 3/4;;
403;Rushdie S.;I figli della mezzanotte;;
404;Denuziere M.;Louisiana;;
405;Trotskij L.;La mia vita;;
406;Flaubert G.;L'educazione sentimentale Lawrence D.H.;;
407;Flaubert G.;Tre racconti;;
408;Flaubert G.;La signora Bovary;;
409;Frank A.;Diario;;
410;Frank A.;Diario;;
411;Fallada H .;E adesso pover'uomo;;
412;Enzensberger;Interrogatorio all'Avana;;
413;Du Maurier D.;Il generale del re;;
414;Du Maurier D.;La prima moglie;;
415;Eliot G.;Il mulino sulla Floss;;
416;Stendhal;La certosa di Parma;;
417;Stendhal;La certosa di Parma;;
418;Trevor  E.;Mare forza 10;;
419;Course A.;I pirati dei mari orientali;;
420;Innes H .;Il regno proibito;;
421;Munthe A.;La storia di San Michele;;
422;Yutang L .;Peonia rossa;;
423;De Kruif P.;La lotta per la vita;;
424;Stern  K.;La colonna di fuoco;;
425;Show  I.;Scommessa sul fantino morto;;
426;Wilde O.;Il principe felice e la casa dei melograni;;
427;Weiss P .;L'istruttoria;;
423;Wodehouse P.G.;Lo zio dinamite;;
429;W inne G .;L'uomo che viene da Mosca;;
430;Wolff C . F.;Ultimi fiori delle Dolomiti;;
43 1;Talese  G .;Onora il padre;;
432;Trevanian;Il ritorno delle gru;;
433;Grossman V.;Vita e destino;;
434;de Beaumont G.;Collezione privata;;
435;Honigmann;Romanzo di un bambino;;
436;Van de Velde H.;La mia vita;;
437;Vallentin A.;Il romanzo di Goya;;
438;Yutang L.;Importanza di vivere;;
439;Werfel F.;Barbara;;
440;Wright R.;Paura;;
44 1;Wright R.;I figli dello zio Tom;;
442;Wright R.;Ragazzo negro;;
443;Wright R.;Ho bruciato la notte;;
444;Uris L.;Exodus   vol. I;;
445;Uris L.;Exodus   vol. II;;
446;Smith B.;Un albero cresce a Brooklin;;
447;Schweitzer A.;Infanzia e giovinezza;;
448;Tasso B. (a cura di)          ;L'umorismo nero;;
449;Sienkievicz E.;Quo vadis?;;
450;Sciolokov M.;Il placido Don;;
45 1;Scott W.;La sposa di Lammermoor;;
452;Eichendorff (von) J.     ; Vita di un perdigiorno;;
453;Voltaire;Candido ovvero l'ottimismo;;
454;Voltaire;Candido ovvero l'ottimismo;;
455;de Unamuno M.;Vita di don Chisciotte e di Sancio;;
456;Swif t J .;Viaggi di Gulliver;;
457;Swif t J .;Viaggi di Gulliver;;
458;Storm T.;Il cavaliere dal cavallo bianco;;
459;Storm T.;La città sul mare;;
460;Sterne L.;Viaggio sentimentale (trad. di U.Foscolo);;
461;Struther J.;La signora Miniver;;
462;Yutang L .;Una foglia nella tempesta;;
463;;;;
464;Schliemann H.;La scoperta di Troia;;
465;Faulkner W.;Santuario;;
466;Wolff C.;I monti pallidi;;
467;Wells H.;Avventure di fantascienza;;
468;Wells H.;Tutti i racconti e i romanzi brevi;;
469;Dumas A.;I tre moschettieri;;
470;Turgheniev I.;Padri e figli;;
47 1;Gherlach H .;L'armata tradita;;
472;Clarke-Kubrick;2001 - Odissea nello spazio;;
473;Gogol N.;Le anime morte;;
474;G i d e A .;La sinfonia pastorale;;
475;G i d e A .;La porta stretta;;
476;Gogol N.;Taras Bulba;;
477;Greene G .;Al di là del ponte;;
478;Simon P. H.;Gli uomini non vogliono morire;;
479;Slaughter F.;Donne in bianco;;
480;Sartre J . P .;L'età della ragione;;
48 1;Lindbergh C.;Spirit of  St. Louis;;
482;Medvedev;Dieci anni dopo I. Denisovic;;
483;Hawthorne N.;Racconti e leggende dell'antica Grecia vol.I;;
484;Hawthorne N.;Racconti e leggende dell'antica Grecia vol.II;;
485;Jaubert E.;Racconti e leggende della Russia;;
486;Mazuranic B.;Racconti e leggende della Croazia;;
487;Slipka-Pezard;Racconti e leggende della Boemia;;
488;Quinel- de Montgon;Racconti e leggende dell’  America del Nord;;
489;Laguirande- Duval;Racconti e leggende della Polonia;;
490;Gelardini R.;Racconti e leggende dell’ America Centrale;;
491;Gelardini R.;Racconti e leggende dell’ America del Sud;;
492;Gelardini R.;Racconti e leggende della America del Sud;;
493;AA.VV.;Ultime lettere da Stalingrado;;
494;Curwood G.;Barì, figlio di Kazan;;
495;Meray T.;La rivolta di Budapest;;
496;Ginzburg L. V.;L’abisso;;
497;Gambe di Legno;La lunga marcia verso l’esilio;;
498;AA.VV.;Antiche saghe islandesi;;
499;La Mure P.;La vita privata di Monna Lisa;;
500;Vittorini (a cura di);Americana- Raccolta di narratori;;
501;Ricca-Suga;Narratori giapponesi moderni;;
502;Guerdan R.;L’oro di Venezia;;
503;Grousset R.;L’epopea delle crociate;;
504;Griaule M.;Dio  d’acqua;;
505;Albaret C.;Il signor Proust;;
506;D’Ormesson J.;A Dio piacendo;;
507;Aksakov S.;Cronaca di famiglia;;
508;Kissinger H.;Anni di crisi;;
509;Suyin H.;L’albero ferito;;
510;Maugham S.;Schiavo d’amore;;
511;Trackeray;La fiera della vanità vol.I;;
512;Trackeray;La fiera della vanità vol.II;;
513;Kolosimo P.;Astronavi sulla preistoria ;;
514;Fielding ;Tom Jones;;
515;Fontane Th.;Effi Briest;;
516;Heine H.;Buch der Lieder;;
517;Mann Th.;Tonio Kroger- Mario und der Zauberer;;
518;Mann Th.;Der Tod in Venedig;;
519;Mann Th.;Der Zauberberg;;
520;AA.VV.;Deutschland erzhalt;;
521;Böll V.;Das Heinrich Böll   Lesenbuch;;
522;Döblin A.;Berlin Alexanderplatz;;
523;Wolf.Ch.;Der geteilte Himmel;;
524;Bachmann I.;Das dressigste Jahr;;
525;Böll H..;Ansichten eines Clowns;;
526;Böll H..;Wo warst du, Adam?;;
527;Böll H.;Was soll aus dem Jungen boss werden?;;
528;Böll H..;Die Verwundung und andere frühe Erzahlungen;;
529;Böll H..;Und sagte kein einziges Wort;;
530;Dürrenmatt F.;Der Richter und sein Henker;;
531;Brecht B.;Kalender Geschichten;;
532;Borchert I.;Draussen vor der Tür;;
533;Kästner E.;Emil und die Detektiv;;
534;Martin H.;Kein Schnaps für Tamara;;
535;Fallada H.;Erzahlungen;;
536;Reinecker H.;Der Kommissar Lasst bitten;;
537;Reding J.;Jenny lacht in Harlem;;
538;Lenz S.;Lotte soll nicht sterben;;
539;AA.VV.;Till Eulenspiegel;;
540;Bürger G.A.;Münchhausenens Abenteuer;;
541;Rösler J.H.;Gänsenbraten  und andere Geschichten;;
542;Kästner E.;Mein Onkel Franz;;
543;Hesse E. ;Siddhartha;;
544;Walser R.;Der Gehülfe;;
545;Frisch M.;Andorra;;
546;Frisch M.;S tiIIer;;
547;Brecht B.;Leben des Galilei;;
548;Hesse H.;Unterm Rad;;
549;Hesse H.;Der Stepenwolf;;
550;AA.VV.;Gegenwart;;
551;Goethe J.W.;Novelle – Das Marchen;;
552;Lessing G.E.;Nathan der Weise;;
553;Lessing G.E.;Minna von Barnhelm;;
554;Brüder Grimm;Ausgewahlte Kinder und Hausmarchen;;
555;Canetti E.;Die Gerettete Zunge;;
556;Christie;Six Stories;;
557;Stevenson;New Arabian Nights;;
558;Dickens C.;A Christmas Carol;;
559;Maley A.;Very short stories;;
560;Von Hofmannsthal H.;Der Tor und der Tod;;
561;Mörike E.;Mozart auf der Reise nach Praga;;
562;von Chamisso A.;Peter Schlemihls wundersame Geschichte;;
563;von Eichendorff J.;Aus dem Leben eines Taugenichts;;
564;Carossa H.;Eine Kindheit;;
565;Keller G.;Die Leute von Seldwyla;;
566;Crichton M.;Sfera;;
567;Smith W.;Gli angeli piangono;;
568;Brodskij I.;Fuga da Bisanzio;;
569;Renault Mary;Il re deve morire;;
570;Yourcenar M.;Memorie di Adriano;;
571;Uhlman F. ;L'amico ritrovato;;
572;Kundera M.;L’arte del romanzo;;
573;Briley J.;Grido di libertà;;
574;Lapierre D.;La città della gioia;;
575;Garcia Marquez G.;Cent’anni di solitudine;;
576;Kolosimo P.;Terra senza tempo;;
577;Garcia Marquez G.;Cronache di una morte annunciata;;
578;Pressburger;L’elefante verde;;
579;Amado J.;Santa Barbara die fulmini;;
580;Lawrence D. H. ;Sons and lovers;;
581;Lawrence D. H. ;York notes on Sons and lovers;;
582;Wilde O.;Il ritratto di Dorian Gray;;
583;Kundera M.;L’insostenibile leggerezza dell‘essere;;
584;Handke P.;La ripetizione;;
585;Ende M.;La notte die desideri;;
586;Simenon G.;Letter al mio giudice;;
587;Uhlman F. ;L’amico ritrovato-Un’anima non vile-Niente resurrezione per favore;;
588;Allende I.;D’amore e d‘ombra;;
589;Yourcenar M.;Care memorie;;
590;Jun’ichiro Tanizaki;Il dramma stregato;;
591;Salai Osamu;Il sole si spegne;;
592;Gibran Kahlil;Il profeta;;
593;Mahfuz Nagib;Vicolo del mortaio;;
594;Crichton M.;Jurassic Park;;
595;Kurten B.;La danza della tigre- Un romanzo dell’era glaciale;;
596;Kurten B.;Zannasola;;
597;Lapierre D.;Più grandi dell’amore;;
598;Wilde O.;Il ritratto di Dorian Gray;;
599;Wilde O.;Il ritratto di Dorian Gray;;
600;Mishima;La foresta in fiore;;
601;Gordimer N.;La storia di mio figlio;;
602;Lessing D.;Martha Quest;;
603;Garcia Marquez G. ;Dodici racconti raminghi;;
604;Mac L e a n;Where eagles dare;;
605;Salinger;The catcher in the Rye;;
606;Wodehouse;Carry on, Jeeves;;
607;Gordimer N.;July's people;;
608;Gordimer N.;Something out there;;
609;G r o s s m i t h;The diary of a nobody;;
610;Jerome J .;Three men in a bot;;
611;Shute;On the beach;;
612;Forster;Maurice;;
613;H erriot;If only they could talk;;
614;G o I d i n g;Lord of the flies;;
615;W e s k e r;The Wesker trilogy;;
616;Ayckbourn;Three plays;;
617;K i n g s I e y;L u c k y J i m;;
618;Urzidil J.;L'armata perduta;;
619;Roth J .;Il mercante di coralli;;
620;Singer I.;La famiglia Moskat;;
621;A m a d o;Gabriella garofano e cannella;;
622;Roth J .;;;
623;Roth J .;Ebrei erranti;;
624;A ll e n d e  I.;La casa degli spiriti;;
625;G o I d i n g W .;il signore delle mosche;;
626;Schnitzler A.;Fuga nelle tenebre;;
627;Schnitzler A.;Signorina Else;;
628;Stoker B .;D r a c u 1 a;;
629;Shelley M .;Frankenstein;;
630;Dumas A.;I tre moschettieri;;
631;Borges J.L.;L'Aleph;;
632;L essing D .;Racconti africani;;
633;Mann T.;Kònigliche Hoheit;;
634;Borchert I.;Das Gesamtwerk;;
635;PIai  B .;Harvest;;
636;R askin B .;Current Affairs;;
637;Wiechert E .;Die M a j o r i n;;
638;Boell H.;Ansichten eines Clowns (Roman);;
639;Roth J .;Die Flucht ohne Ende - Ein Bericht;;
640;Brecht B .;Leben des Galilei;;
641;Schnitzler A.;Ich;;
642;Werfwl F.;Die Entfremdung;;
643;M u s i I  R .;Drei Frauen;;
644;Böll H .;Ansichten eines Clowns;;
645;Böll H.;Die verlorene Ehre der Katharina Blum;;
646;Borchert I.;Draussen vor der Tur;;
647;D r a k u I i c;Balkan Express;;
648;C I e m e n t;La luna e il leone;;
649;O b e r s k i;Anni d'infanzia - un bambino nei lager;;
650;Böll H .;E non disse nemmeno una parola;;
651;Wallraff;Faccia da turco;;
652;Stevenson;Dr.  Jekyll and Mr. Hyde;;
653;Conan Doyle;The Hound of the Baskervilles;;
654;S t e i n b e c k J.;The  p e a r l;;
655;A A. V V.;Sea stories;;
656;AA.VV.;Pick of today's short stories;;
657;Eliot;The cocktail party;;
658;Steinbeck J.;The moon is down;;
659;Kipling  R.;8 short stories;;
660;Wells;T w o  tal es;;
661;B u ck;The big Wave;;
662;H e r r i o t;If only they could talk;;
663;AA. VV;The donor;;
664;L a w r y;Through the door;;
665;Conrad;Heart of Darkness;;
666;L a w r y;The missing boy;;
66 7;Wilde O.;The importance of being Earnest;;
668;M a u g h a m;Short stories;;
669;Wodehouse;Two short stories;;
670;Stevenson;Dr. Jekyll and Mr.Hyde;;
67 1;Kipling R.;The jungle book;;
672;Mansfield;The daughters of the late colonel and other stories;;
673;lstrati;Mediterraneo (Al levar del sole);;
674;K a n a f a n i;Uomini sotto il sole;;
675;K a n a f a n i;Uomini sotto il sole;;
676;K a n a f a n i;Uomini sotto il sole;;
677;D r a k u I i c;Balkan Ezpress;;
678;D r a k u I i c;Balkan Ezpress;;
679;D r a k u I i c;Balkan Ezpress;;
680;D r a k u I i c;Balkan Ezpress;;
68 1;D r a k u I i c;Balkan Ezpress;;
682;S t a n i s i c;I buchi neri di Sarajevo e altri racconti;;
683;S t a n i s i c;I buchi neri di Sarajevo e altri racconti;;
684;S t a n i s i c;I buchi neri di Sarajevo e altri racconti;;
685;S t a n i s i c;I buchi neri di Sarajevo e altri racconti;;
686;Ruth;La speranza mi ha tenuto in vita (Da Theresienstad e Auschwitz a Israele);;
687;Grimmelshausen;Vita d e I I' a r c i t r u f f a t r i c e e vagabonda Coraggio;;
688;Salinger;Il giovane Holden;;
689;Saramago;Memoriale del convento;;
690;Morrison;Jazz;;
691;Ki s;Dolori precoci;;
692;Boell H.;L'onore perduto di Katharina Blum;;
693;H e r r i o t;Per amore di tutte le creature;;
694;McGi I I;Piccolo Budda;;
695;Ghosh;Lo schiavo del manoscritto;;
696;Brackman;L'ultimo imperatore;;
697;;;;
698;F o r b a t h;L'ultimo eroe;;
699;Choderlos de Laclos  ; Le amicizie pericolose;;
700;Ludlum R.;La strada per Omaha;;
70 1;Lovecraft;Lettere dall'altrove - Epistolario 1915-1937;;
702;Lovecraft;Tutti  i racconti 1897-1922;;
703;C I a n c y;La grande fuga dell'ottobre rosso;;
704;A s i m o v;Cronache della galassia;;
705;King Stephen;La lunga marcia;;
706;A s i m o v I.;Preludio alla fondazione;;
707;Follett Ken;L'uomo di Pietroburgo;;
708;Poe E . A;Il meglio dei racconti;;
709;Hemingway E.;Addio alle armi;;
7 1 0;F o r s y t h F;Il negoziatore;;
7 1 1;Conrad J.;Cuore di tenebre;;
7 1 2;H e s s e H .;S i d d h a r t a;;
7 1 3;S m i I e y;La casa delle tre sorelle;;
7 1 4;Yourcenar M. ;L’opera al nero;;
7 1 5;D u rrell;Storie di animali e altre persone di famiglia;;
7 1 6;D u rrell;La mia famiglia e altri animali;;
7 1 7;Roth J;La leggenda del santo bevitore;;
71 8;Wilde O.;Il fantasma di Canterville e altri racconti;;
7 1 9;H e r r i g e I;Lo zen e il tiro con l'arco;;
720;Wilde O.;Il ventaglio di Lady Windermere- Salomè - L'importanzja di essere fedele;;
72 1;Stevenson R.;Lo strano caso del dott.Jekill e del signor Hyde;;
722;R e n d e ll;Oltre il cancello;;
723;Forster ;Casa  Howard;;
724;Blixen ;La mia Africa;;
725;Morrison;L’isola delle illusioni;;
726;Morrison;Sula;;
727;Markandaya;Nettare in un setaccio;;
728;Yoshimoto Banana;Sonno profondo;;
729;Wilde O.;L’usignolo e la rosa;;
730;Kafka F.;Preparativi di nozze;;
731;Woolf V.;La crociera;;
732;Ben Jelloun Tahar;Moha il folle – Moha il saggio;;
733;Kundera M.;Il valzer degli addii;;
734;Crnjanski;Migrazioni;;
735;Ce Kenzaburo;Il grido del silenzio;;
736;Butler;Così muore la carne;;
737;Zola E.;Germinal;;
738;Goethe J.W.;I dolori del giovane Werther;;
739;Forster E. M.;Camera con vista;;
740;Groom W.;Forrest Gump;;
741;Rebula A.;Nel vento della Sibilla;;
742;Kerouac J.;Sulla strada;;
743;Poe E.A.;Tutti i racconti, le poesie e Gordon Pym;;
744;Bach R.;Via dal nido;;
745;Mo Yan;Sorgo rosso;;
746;Orwell G.;Animal farm;;
747;Goldsmith O.;The Vicar of Wakefield;;
748;Dickens C.;Nicholas Nickleby;;
749;;;;
750;Forster E.;A room vith a view;;
751;;;;
752;Waugh E.;A handful of dust;;
753;Gordimer N.;Seected Stories;;
754;Forster E.;Passage to India;;
755;Kiplin R.;Kim;;
756;Gordimer N.;My son’s Story;;
757;Ellison R.;Invisibile Nan;;
758;Eliot G.;Adam Bede;;
759;Fitzgerald F.S.;The great Gatsby;;
760;Joyce J.;Dubliners;;
761;Golding W.;Lord of the Flies;;
762;Joyce J.;The dead (i morti);;
763;Henry J.;The beast in the Jiungle (la tigre nella giungla);;
764;Woolf V.;Mrs Dalloway in bond street;;
765;Lee Masters Edgar;Voci da Spoon River;;
766;Pym B.;Qualcuno da amare;;
767;Conan Doyle;Tutto Sherlock Holmes;;
768;Conan Doyle;Le memorie di Sherlock Holmes;;
769;Conan Doyle;Il ritorno di Sherlock Holmes;;
770;Conan Doyle;L’ultimo saluto di Sherlock Holmes-   Il taccuino di Sherlock Holmes;;
771;Wharton E.;The age of innocence ;;
772;Dizdarevic Z.;Giornale di guerra - Cronaca di Sarajevo assediata;;
773;Stanisic B.;I buchi neri di Sarajevo;;
774;Flaubert;Madame Bovary;;
775;Jergovic M;Le Marlboro di Sarajevo ;;
776;Cook T.;Notte senza fine;;
777;Janigro N.;Dizionario di un paese che scompare;;
778;Canetti E.; La provincia dell'uomo;;
779;Karahasan D.;Il centro del mondo;;
780;Trobojavich M.;Sarajevo oltre lo specchio;;
781;Poe E.A.;Racconti del grottesco;;
782;Poe E.A;Racconti di enigmi;;
783;Poe E.A;Racconti del terrore ;;
784;AA.VV.;American short stories of today;;
785;Osborne J.;Look back in Anger (con cassetta);;
786;Shelley M.;Frankenstein (con cassetta);;
787;Forster E. M.;A passage to India (con cassetta);;
788;Fitzgerald F.S. ;The great Gatsby (con cassetta);;
789;Hemingway E.;Fiesta (con cassetta);;
790;Wilde O. ;The picture of D. Gray (con cassetta);;
791;James H.;The turn of the screw (con cassetta);;
792;Hemingway E.;The old man and the sea (con cassetta);;
793;Conrad J. ;Heart of Darkness (con cassetta);;
794;Joyce J.;A portrait of the artist as a young man (con cassetta);;
795;Joyce J.;A portrait of the artist as a young man (con cassetta);;
796;Joyce J.;A portrait of the artist as a young man (con cassetta);;
797;Joyce J.;A portrait of the artist as a young man (con cassetta);;
798;Joyce J.;A portrait of the artist as a young man (con cassetta);;
799;Joyce J.;A portrait of the artist as a young man (con cassetta);;
800;Joyce J.;A portrait of the artist as a young man (con cassetta);;
801;Joyce J.;A portrait of the artist as a young man (con cassetta);;
802;Joyce J.;A portrait of the artist as a young man (con cassetta);;
803;Joyce J.;A portrait of the artist as a young man (con cassetta);;
804;Joyce J.;Dubliners (con cassetta);;
805;Joyce J.;Dubliners (con cassetta);;
806;Joyce J.;Dubliners (con cassetta);;
807;Joyce J.;Dubliners (con cassetta);;
808;Joyce J.;Dubliners (con cassetta);;
809;;;;
810;;;;
811;Joyce J.;Dubliners (con cassetta);;
812;Joyce J.;Dubliners (con cassetta);;
813;Joyce J.;Dubliners (con cassetta);;
814;Brecht B.;Vita di Galileo;;
815;Brecht B.;Vita di Galileo;;
816;Brecht B.;Vita di Galileo;;
817;Brecht B.;Vita di Galileo;;
818;Remarque E.M. ;Niente di nuovo sul fronte occidentale;;
819;Dostoevskij F.;Delitto e castigo;;
820;Salinger J.D.;Il giovane Holden;;
821;Salinger J.D.;Il giovane Holden;;
822;Salinger J.D.;Il giovane Holden;;
823;Salinger J.D.;Il giovane Holden;;
824;Salinger J.D.;Il giovane Holden;;
825;Roth J.;La cripta dei Cappuccini;;
826;Remarque E.M. ;Niente di nuovo sul fronte occidentale;;
827;Remarque E.M.;Niente di nuovo sul fronte occidentale;;
828;Remarque E.M.;Niente di nuovo sul fronte occidentale;;
829;Uhlman F.;L'amico ritrovato;;
830;Uhlman F.;L'amico ritrovato;;
831;Uhlman F.;L'amico ritrovato;;
832;Hemingway E.;Addio alle armi;;
833;Hemingway E.;Addio alle armi;;
834;Hemingway E.;Addio alle armi;;
835;Hemingway E.;Addio alle armi;;
836;Hemingway E.;Addio alle armi;;
837;Hemingway E.;Addio alle armi;;
838;Hemingway E;Addio alle armi;;
839;Hemingway E.;Addio alle armi;;
840;Hemingway E;Addio alle armi;;
841;Hemingway E.;Addio alle armi;;
842;Wiesel E;L'ebreo errante;;
843;Roth J.;Giobbe;;
844;Roth J;La cripta dei Cappuccini;;
845;Roth J.;La marcia di Radetzky;;
846;Wilde 0.;Il ritratto di Dorian Gray;;
847;Wilde 0.;Il ritratto di Dorian Gray;;
848;Wilde 0.;Il ritratto di Dorian Gray;;
849;Wilde 0.;Il ritratto di Dorian Gray;;
850;Wilde 0.;Il ritratto di Dorian Gray;;
851;Wilde 0.;Il ritratto di Dorian Gray;;
852;Wilde 0.;Il ritratto di Dorian Gray;;
853;Wilde 0;Il ritratto di Dorian Gray;;
854;Wilde 0.;Il ritratto di Dorian Gray;;
855;Wilde 0.;Il ritratto di Dorian Gray;;
856;Remarque E.M.;Niente di nuovo sul fronte occidentale;;
857;Remarque E.M.;Niente di nuovo sul fronte occidentale;;
858;Remarque E.M.;Niente di nuovo sul fronte occidentale;;
859;Remarque E.M;Niente di nuovo sul fronte occidentale;;
860;;;;
861;Salinger J.D.;Il giovane Holden;;
862;Salinger J.D.;Il giovane Holden;;
863;Salinger J.D.;Il giovane Holden;;
864;Salinger J.D.;Il giovane Holden;;
865;Kafka F.;Il giovane Holden;;
866;Kafka F.;La metamorfosi e altri racconti;;
867;Kafka F.;La metamorfosi e altri racconti;;
868;Kafka F.;La metamorfosi e altri racconti;;
869;Kafka F. ;La metamorfosi e altri racconti;;
870;Kafka F.;La metamorfosi e altri racconti;;
871;Kafka F.;La metamorfosi e altri racconti;;
872;Hesse H.;La metamorfosi e altri racconti;;
873;Kafka F.;La metamorfosi e altri racconti;;
874;Kafka F.;La metamorfosi e altri racconti;;
875;Kafka F.;I! processo;;
876;Kafka F.;Il processo;;
877;Kafka F.;Il processo;;
878;Kafka F.;Il processo;;
879;Dostoevskij F.;Delitto e castigo;;
880;Dostoevskij F.;Delitto e castigo;;
881;Dostoevskij F.;Delitto e castigo;;
882;Brecht B.;Vita di Galileo;;
883;Brecht B.;Vita di Galileo;;
884;Brecht B.;Vita di Galileo;;
885;Brecht B.;Vita di Galileo;;
886;Uhlman F.;L'amico ritrovato;;
887;Uhlman F.;L'amico ritrovato;;
888;Uhlman F.;L'amico ritrovato;;
889;Uhlman F.;L'amico ritrovato;;
890;Uhlman F.;L'amico ritrovato;;
891;Uhlman F.;L'amico ritrovato;;
892;Uhlman F.;L'amico ritrovato;;
893;Voltaire ;Candido ovvero l'ottimismo;;
894;Voltaire;Candido ovvero l'ottimismo;;
895;Voltaire;Candido ovvero l'ottimismo;;
896;Voltaire;Candido ovvero l'ottimismo;;
897;Voltaire;Candido ovvero l'ottimismo;;
898;Voltaire;Candido ovvero l'ottimismo;;
899;Voltaire;Candido ovvero l'ottimismo;;
900;Voltaire;Candido ovvero l'ottimismo;;
901;Voltaire;Candido ovvero l'ottimismo;;
902;Voltaire;Candido ovvero l'ottimismo;;
903;Poe E.A.;Racconti di enigmi;;
904;Poe E.A.;Racconti di enigmi;;
905;Poe E.A.;Racconti di enigmi;;
906;Poe E.A.;Racconti del grottesco;;
907;Poe E.A.;Racconti del grottesco;;
908;Poe E.A.;Racconti del grottesco;;
909;Poe E.A.;Racconti del terrore;;
910;Poe E.A.;Racconti del terrore;;
911;Poe E.A.;Racconti del terrore;;
912;Shaw B.;Pygmalion;;
913;Shaw B.;Pygmalion;;
914;Shaw B.;Pygmalion;;
915;Shaw B.;Pygmalion;;
916;Shaw B.;Pygmalion;;
917;Shaw B.;Pygmalion;;
918;Shaw B.;Pygmalion;;
919;Shaw B.;Pygmalion;;
920;Shaw B.;Pygmalion;;
921;Shaw B.;Pygmalion;;
922;Shaw B.;Pygmalion;;
923;Shaw B.;Pygmalion;;
924;Shaw B.;Pygmalion;;
925;Shaw B.;Pygmalion;;
926;Shaw B.;Pygmalion;;
927;Shaw B.;Pygmalion;;
928;Shaw B.;Pygmalion;;
929;Shaw B.;Pygmalion;;
930;Shaw B.;Pygmalion;;
931;Shaw B.;Pygmalion;;
932;Wilde O. ;The Importance of Being Earnest;;
933;Wilde O. ;The Importance of Being Earnest;;
934;Wilde O. ;The Importance of Being Earnest;;
935;Wilde O. ;The Importance of Being Earnest;;
936;Wilde O. ;The Importance of Being Earnest;;
937;Wilde O. ;The Importance of Being Earnest;;
938;Wilde O. ;The Importance of Being Earnest;;
939;Wilde O. ;The Importance of Being Earnest;;
940;Wilde O. ;The Importance of Being Earnest;;
941;Wilde O. ;The Importance of Being Earnest;;
942;Fitzgerald F.S.;Tender in the night;;
943;Bronte E. ;Wuthering heights;;
944;Woolf V.;Tot he lighthouse;;
945;Orwell G. ;Animal farm;;
946;Huxley A.;Brave new world;;
947;AA.VV.;Five modern poets;;
948;Coe J.;La famiglia Winshaw;;
949;Redfield J.;La profezia di Celestino. Un antico manoscritto. Nove chiavi per arrivare alla conoscenza.;;
950;Redfield J.;La decima illuminazione. Nuovi orizzonti della profezia di Celestino.;;
951;Goethe W.;Viaggio in Italia (1786-1788);;
952;AA.VV.;Nuovi narratori greci;;
953;Schami R.;L’albero volante;;
954;Camus A.;Il primo uomo;;
955;Wiesel E.;L’ebreo errante;;
956;B a s h k i m S .;Le ombre - Racconti albanesi;;
957;Christiane F.;Noi,  i ragazzi dello zoo di Berlino;;
958;Springer E.;Il silenzio dei vivi;;
959;Savigneau J.;L'invenzione di una vita: Marguerite Yourcenar;;
960;Savigneau J.;L'invenzione di una vita: Marguerite Yourcenar;;
961;Savigneau J.;L'invenzione di una vita: Marguerite Yourcenar;;
962;James H.;L’ inquilino fantasma;;
963;Kuhn F..;Il sogno della camera rossa. Romanzo cinese del sec. XVIII;;
964;Carpentier A.;Concerto barocco;;
965;Isniguro K.;Quei che resta del giorno;;
966;Yourcenar M. ;Pellegrina e straniera;;
967;Yourcenar M.;Pellegrina e straniera;;
968;Chmelik Marija;La piccola vera;;
969;Kieslowski;Decalogo;;
970;Caldwell E.;La via del tabacco;;
971;Proust M.;Alla ricerca del tempo perduto   vox. XIII  Albertine scomparsa;;
972;Mutis A.;Ilona arriva con la pioggia;;
973;Ribeiro D.;Utopia selvaggia;;
974;Gide A.;Viaggio ai Congo Ritorno dai Ciad;;
975;Hermlin S. ;L'età della solitudine;;
976;Solzenicyn A. ;Reparto C;;
977;Solzenicyn A. ;Reparto C;;
978;Pahor B.;Necropoli;;
979;Tomsic M.;Le Saurine;;
980;Folkel (a cura);Storielle ebraiche;;
981;Tomsic lì.;Le Saurine;;
982;Balzac H.;La commedia umana   vol. I;;
983;Balzac H.;La commedia umana        vol. II;;
984;Sepulveda L.;Il vecchio che leggeva romanzi d'amore;;
985;Sepulveda L.;La frontiera scomparsa;;
986;Golding W.;Il signore delle mosche;;
987;Tournier M.;Venerdì o il limbo del Pacifico;;
988;Swift J.;I viaggi di Gulliver;;
989;Balzac H.;Eugénie Grandet;;
990;Flaubert G.;La signora Bovary;;
991;Wiesel E.;Il giorno;;
992;Crnjanski M.;Migrazioni   voi. II;;
993;Wiesel E.;Il Golem;;
994;Tomsic M.;Le Saurine;;
995;Spizzo G.  (a cura di);    Provincia pagana. Storie dell'estremo Nord-Est, un'antologia di fine millennio;;
996;Weil S. ;Piccola cara..Lettere alle allieve;;
997;Maalouf A. ;L ‘ identità;;
998;Paternu B. ;France Preŝeren;;
999;Fredriksson M.;Simon;;
1000;Hesse H.;Siddharta;;
1001;Hesse H.;Siddharta;;
1002;Hesse H.;Siddharta;;
1003;Hesse H.;Siddharta;;
1004;Hesse H.;Siddharta;;
1005;Hesse H.;Siddharta;;
1006;Hesse H.;Siddharta;;
1007;Hesse H.;Siddharta;;
1008;Hesse H.;Siddharta;;
1009;Hesse H.;Siddharta;;
1010;Palamidesi F.;The Romantic Mood in Fiction;;
1011;AA.VV.;The Victorian Novel;;
1012;Fitzgerald F.S.;The Great Gatsby;;
1013;Cave N.;E l'asina vide l'angelo;;
1014;Porter K.A.;Vino di mezzogiorno;;
1015;Werfel F.;Una scrittura femminile azzurro pallido;;
1016;Pessoa F.;Il libro dell'inquietudine;;
1017;Wiesel E;La notte;;
1018;Shute Nevil;L'ultima spiaggia.;;
1019;Mori Franco;Il futuro dietro l'angolo. La fantascienza e la civiltà del domani.;;
1020;London Jack;Martin Eden;;
1021;Faulkner William;Sartoria;;
1022;Marquez G. G.;Cent'anni di solitudine.;;
1023;Sartre Jean Paul;L'età della ragione.;;
1024;Winkar Frances;La vita del cuore. George Sand e i suoi tempi.;;
1025;Steinbeck John;La luna è tramontata.;;
1026;Servicio Informativo Espanol;Cronica de un ano de Espana ( Julio 1968-Julio 1969);;
1027;Clark Higgins Mary;Un colpo al cuore;;
1028;Cussler Clive;Onda d'urto;;
1029;Huxley Aldous;Passo di danza;;
1030;Bernanos Georges;Sotto il sole di Satana.;;
1031;Strindberg August;La stanza rossa.;;
1032;Ibanez V. B.;I quattro cavalieri dell'Apocalisse.;;
1033;Der Meg nach Trahutten.;Kleiner Roman aus der Weststeiermark von Hedy Staudi;;
1034;Dalai Lama;La compassione e la purezza.;;
1035;Yourcenar M.;Moneta del sogno;;
1036;Donoso José;L'osceno uccello della notte.;;
1037;Rowling J.K.;Harry Potter and the Prisoner;;
1038;Rowling J.K.;Harry Potter and the Chamber of Secrets;;
1039;Rowling J.K.;Harry Potter and the Goblet of Fire;;
1040;Chomsky Noam;11 settembre- Le ragioni di chi?-;;
1041;Tahar Ben Jelloun;L’Islam spiegato ai nostri figli;;
1042;Tolkien J.R.R.;Il signore degli anelli;;
1043;Ishiguro Kazuo;The remains of the Day;;
1044;Barthes Roland;Frammenti di un discorso amoroso;;
1045;Rushdie Salman;La terra sotto i suoi piedi;;
1046;Rushdie Salman;Furia;;
1047;Gibran Kahlil;The Beloved;;
1048;Hoffman Eva;Come Si Dice;;
1049;Hoffman Eva;Come Si Dice;;
1050;Fante John;Romanzi e Racconti;;
1051;London Jack;Zanna Bianca;;
1052;Filippetti Aurelie;Gli Ultimi Giorni Della Classe Operaia;;
1053;Rahimi Atiq;L’immagine del ritorno;;
1054;Mmaka Acava Valentina;Io … Donna … Immigrata;;
1055;Borges Jorge Luis;Testamento Poetico Letterario;;
1056;Saramago Jose’;Saggio sulla lucidità’;;
1057;Yehoshua Abraham B.;Il Responsabile Delle Risorse Umane;;
1058;Hoffman Eva;Come Si Dice;;
1059;Pamuk Orhan;Il Mio Nome E’ Rosso;;
1060;Yehoshua Abrahan B.;L’amante;;
1061;Maalouf Amin;Gli Scali Del Levante;;
1062;Hermann Hesse;Siddharta;;
1063;Savigneau J.;L’invenzione di una vita: Marguerite Yourcenar;;
1064;Hosseini Khaled;Il Cacciatore di Aquiloni;;
1065;Joyce James;Gente di Dublino;;
1066;Chatwin Bruce;Sulla Collina Nera;;
1067;Ogilvie Robert M.;Letteratura e società nella Roma antica;;
1068;Asensi Matilde;L’ultimo Catone;;
1069;Kafka;Il Processo;;
1070;Canetti Elias;Le Voci Di Marrakech;;
1071;Chatwin Bruce;Anatomia dell’irrequietezza;;
1072;Roth Joseph;Giobbe;;
1073;Ugreśić Dubravka;Il ministero del dolore;;
1074;Kafka Franz;Lettere al Padre e preparativi di nozze in campagna;;
1075;Kafka Franz;Diari 1919-1923   (Voll. II-II);;
1076;Kafka Franz;Tutti I Racconti  (Voll. II-II);;
1077;Kafka Franz;Lettere a Milena;;
1078;Bradbury Ray;Fahrenheit 451;;
1079;Edith Bruck;Nuda Proprieta’;;
1080;Manuel Velazques Montalban;Ho ammazzato J.F. Kennedy;;
1081;Jose’saramago;Saggio sulla lucidità’;;
1082;Luis Sepulveda;Incontro d’amore in un paese in guerra;;
1083;Brecht Bertolt;Vita Di Galileo;;
1084;Thomas Dylan;Poesie;;
1085;Barbery Muriel;L’eleganza del riccio;;
1086;Woolf Wirginia;Una stanza tutta per se’;;
1087;Rashid Ahmed;Talebani;;
1088;Bales Kevin;I Nuovi Schiavi;;
1089;Dylan Bob;Tarantula;;
1090;Brecht Bertold;Vita Di Galileo;;
1091;Kafka Franz;La Metamorfosi;;
1092;Kafka Franz;La Metamorfosi;;
1093;Kafka Franz;La Metamorfosi;;
1094;Kafka Franz;La Metamorfosi;;
1095;Kafka Franz;La Metamorfosi;;
1096;Kafka Franz;La Metamorfosi;;
1097;Kafka Franz;La Metamorfosi;;
1098;Kafka Franz;La Metamorfosi;;
1099;Kafka Franz;La Metamorfosi;;
1100;Kafka Franz;La Metamorfosi;;
1101;Kafka Franz;La Metamorfosi;;
1102;Kafka Franz;La Metamorfosi;;
1103;Kafka Franz;La Metamorfosi;;
1104;Kafka Franz;La Metamorfosi;;
1105;Kafka Franz;La Metamorfosi;;
1106;Kafka Franz;La Metamorfosi;;
1107;Kafka Franz;La Metamorfosi;;
1108;Kafka Franz;La Metamorfosi;;
1109;Kafka Franz;La Metamorfosi;;
1110;Kafka Franz;La Metamorfosi;;
1111;Kafka Franz;La Metamorfosi;;
1112;Kafka Franz;La Metamorfosi;;
1113;Kafka Franz;La Metamorfosi;;
1114;Kafka Franz;La Metamorfosi;;
1115;Dostoevskij Fĕdor;Delitto E Castigo Vol.1e.Vol.2;;
1116;Rawlings M.K.;Le Mele D’oro;;
1117;Steinbeck John;L’inverno Del Nostro Scontento;;
1118;Plotonov Andréj;Il Villaggio Della Nuova Vita;;
1119;M.Cain James;Il Postino Suona Sempre Due Volte;;
1120;Malraux  André;La Condizione Umana;;
1121;Tanizaki Junichiro;La Chiave E La Gatta;;
1122;Solženicyn  Aleksandr;Arcipelago  Gulag;;
1123;Crichton Michael;Il Mondo Perduto;;
1124;King Stephen;Il Miglio Verde;;
1125;Shaw Irwin;I Giovani Leoni;;
1126;Cronin A.J.;Ma Il Cielo Non Risponde;;
1127;Mccullough Colleen;Le Signore Di Missolungi;;
1128;Paretti Sandra;I Dominatori;;
1129;Fast Howard;Gli Emigranti;;
1130;Mezzrow Milton E Wolf Bernard;Ecco I Blues;;
1131;Lawrence David Herbert;Apocalisse;;
1132;Snow C- P. ;Gli uomini nuovi;;
1133;De Rivoyre Christine;Boy;;
1134;Lewi Sohn Ludwig;Il caso Crump;;
1135;Pearson Diane;Czarda;;
1136;Rich Meredith ;Un uomo due donne;;
1137;Avel Jean M.;Ayla Figlia della Terra;;
1138;Kafka Franz;La Metamorfosi;;
1139-1163;Stevenson Robert Louis;Lo strano caso del dottor Jekyll e del signor Hide;;
1164;Malala Yoosafzai;Io sono Malala (con Christina Lamb);;
1165;Allende Isabel;Eva luna;;
1166;Allende Isabel;La casa degli spiriti;;
1167;Oscar W.;De profundis;;
1168;Oscar W.;Racconti;;
1169;Oscar W.;Penna Matita Veleno;;
1170;Oscar W.;Poesie testo inglese a fronte;;
1171;Oscar W.( a cura di Masolino d’Amico);Saggi ;;
1172;Tolkien J.R.R.;Lo Hobbit  o la Riconquista del tesoro;;
1173;Gabriel Garcia Márquez;Cent’anni di solitudine;;
1174;Hawthorne Nathaniel;Racconti;;
1175;Pennac Daniel;Il Paradico degli Orchi;;
1176;Gabriel Garcia Márquez;Cronaca di una morte annunciata;;
1177;Dickens Charles;Grandi speranze;;
1178;Wright Richar ;Ragazzo negro;;
1179;Wright Richar ;I figli dello zio Tom (traduzione di Pivano Fernanda);;
1180;Mendoza Plinio ;Odor di guayaba;;
1181;Hrabal Bohumil ;L’uragano di novembre;;
1182;Asimov Isaac;Io, Robot;;
1183;James Henry;Il giro di vite;;
1184; Porta Antonio (a cura di);Edgar Lee Masters;;
1185;Yoshimoto Banana;Sonno profondo;;
1186;Yoshimoto Banana;Il corpo sa tutto;;
1187;Yoshimoto Banana;Kitchen;;
1188;Andrìc Ivo;Racconti di Sarajevo;;
1189;James Henry;Racconti di fantasmi;;
1190;Cankar Ivan ;Biografia di un idealista;;
1191;Ionesco Eugène ;Il Re muore;;
1192;Beerbohm Max;Storie fantastiche per uomini stanchi;;
1193;Skármeta Antonio ;Non è successo niente;;
1194;Poe E. A. ;Racconti;;
1195;Novello Riccarda (a cura di);Austria: Racconti da un mondo incantato;;
1196;Novello Riccarda (cura e traduzione di);Marie- Thérèse Kerschbaumer Immagini semprepiù;;
1197;Kolleritsch Alfred;Sull’esser - bambino;;
1198;Novello Riccarda;Studia austriaca Das Leben in den Worten - die Worte im Leben;;
1199;Wiβner Bernd- Haidar Ute;Ausgsburger Land;;
1200;Arundhati Roy;Il Ministero della Suprema Felicità;;
1201;Zadie Smith;Swing Time;;
1202;Todorov Tzvetan;La paura dei barbari Oltre lo scontro di civiltà;;
1203;Lidner Ewald /Lidner Petra;Wunderschönes Bayern      Deutsch English Italiano;;
1204;;;;
1205;;;;
1206;;;;
1207;;;;
1208;;;;
1209;;;;
1210;;;;
1211;;;;
1212;;;;
1213;;;;
1214;;;;
1215;;;;
1216;;;;
1217;;;;
1218;;;;
1219;;;;
1220;;;;
1221;;;;
1222;;;;
1223;;;;
1224;;;;
1225;;;;
1226;;;;
1227;;;;
1228;;;;
1229;;;;
1230;;;;
1231;;;;
1232;;;;
1233;;;;
1234;;;;
1235;;;;
1236;;;;
1237;;;;
1238;;;;
1239;;;;
1240;;;;
1241;;;;
1242;;;;
1243;;;;
1244;;;;
1244;;;;
1245;;;;
1246;;;;
1247;;;;
1248;;;;
1249;;;;
1250;;;;
1251;;;;
1252;;;;
1253;;;;
1254;;;;
1255;;;;
1256;;;;
1257;;;;
1258;;;;
1259;;;;
1260;;;;
1261;;;;
1262;;;;
1263;;;;
1264;;;;
1265;;;;
1266;;;;
1267;;;;
1268;;;;
1269;;;;
1270;;;;
1271;;;;
1272;;;;
1273;;;;
1274;;;;
1275;;;;
1276;;;;
1277;;;;
1278;;;;
1279;;;;
1280;;;;
1281;;;;
1282;;;;
1283;;;;
1284;;;;
1285;;;;
1286;;;;
1287;Giovanni Pettinato;La saga di Gilgamesh;;
1288;Charles Dickens;Great expectations;;
1289;Kazuo Ishiguro;Non lasciarmi;;
1290;Oscar Wilde;Il ritratto di Dorian Gray;;
1291;DH Lawrence;Sons and Lovers ;;
1292;James Joyce;Gente di Dublino ;;
1293;;;;
1294;;;;
1295;;;;
1296;;;;
1297;;;;
1298;;;;
1299;;;;
1300;;;;
1301;;;;
1302;;;;
1303;;;;
1304;;;;
1305;;;;
1306;;;;
1307;;;;
1308;;;;
1309;;;;
1310;;;;
1311;;;;
1312;;;;
1313;;;;
1314;;;;
1315;Sally Burgess e Jacky Newbrook;Gold B2 First (new edition) Exam Maximiser with Key;;
1316;Sally Burgess e Jacky Newbrook;Gold B2 First (new edition) Exam Maximiser with Key;;
1317;Sally Burgess e Jacky Newbrook;Gold B2 First (new edition) Exam Maximiser with Key;;
1318;Sally Burgess e Jacky Newbrook;Gold B2 First (new edition) Exam Maximiser with Key;;
1319;Sally Burgess e Jacky Newbrook;Gold B2 First (new edition) Exam Maximiser with Key;;
1320;Sally Burgess e Jacky Newbrook;Gold B2 First (new edition) Exam Maximiser with Key;;
1321;Sally Burgess e Jacky Newbrook;Gold B2 First (new edition) Exam Maximiser with Key;;
1322;Sally Burgess e Jacky Newbrook;Gold B2 First (new edition) Exam Maximiser with Key;;
1323;Sally Burgess e Jacky Newbrook;Gold B2 First (new edition) Exam Maximiser with Key;;
1324;Sally Burgess e Jacky Newbrook;Gold B2 First (new edition) Exam Maximiser with Key;;
1325;Sally Burgess e Jacky Newbrook;Gold B2 First (new edition) Exam Maximiser with Key;;
1326;Sally Burgess e Jacky Newbrook;Gold B2 First (new edition) Exam Maximiser with Key;;
1327;Sally Burgess e Jacky Newbrook;Gold B2 First (new edition) Exam Maximiser with Key;;
1328;Sally Burgess e Jacky Newbrook;Gold B2 First (new edition) Exam Maximiser with Key;;
1329;Sally Burgess e Jacky Newbrook;Gold B2 First (new edition) Exam Maximiser with Key;;
1330;Lynda Edwards e Jacky Newbrook;Gold C1 Advanced (new edition) Exam Maximiser with Key;;
1331;Lynda Edwards e Jacky Newbrook;Gold C1 Advanced (new edition) Exam Maximiser with Key;;
1332;Lynda Edwards e Jacky Newbrook;Gold C1 Advanced (new edition) Exam Maximiser with Key;;
1333;Lynda Edwards e Jacky Newbrook;Gold C1 Advanced (new edition) Exam Maximiser with Key;;
1334;Lynda Edwards e Jacky Newbrook;Gold C1 Advanced (new edition) Exam Maximiser with Key;;
1335;Lynda Edwards e Jacky Newbrook;Gold C1 Advanced (new edition) Exam Maximiser with Key ;;
1336;Lynda Edwards e Jacky Newbrook;Gold C1 Advanced (new edition) Exam Maximiser with Key ;;
1337;Lynda Edwards e Jacky Newbrook;Gold C1 Advanced (new edition) Exam Maximiser with Key ;;
1338;Lynda Edwards e Jacky Newbrook;Gold C1 Advanced (new edition) Exam Maximiser with Key ;;
1339;Lynda Edwards e Jacky Newbrook;Gold C1 Advanced (new edition) Exam Maximiser with Key ;;
1340;Lynda Edwards e Jacky Newbrook;Gold C1 Advanced (new edition) Exam Maximiser with Key ;;
1341;Lynda Edwards e Jacky Newbrook;Gold C1 Advanced (new edition) Exam Maximiser with Key ;;
1342;Sally Burgess e Jacky Newbrook;Gold B2 First (new edition) Exam Maximiser with Key;;
1343;Sally Burgess e Jacky Newbrook;Gold B2 First (new edition) Exam Maximiser with Key;;
1344;Sally Burgess e Jacky Newbrook;Gold B2 First (new edition) Exam Maximiser with Key;;
1345;Markus Zusak;Storia di una ladra di libri ;;
1346;Edgar Allan Poe ;Five short stories ;;
1347;AA.VV.;American short stories ;;
1348;Nathaniel Hawthorne;The scarlet letter ;;
1349;Robert Louis Stevenson ;Treasure Island ;;
1350;Jane Austen ;Manfield Park;;
